issue,country,iso3,crop,harvest_years,lower_enso_yield_pct,central_enso_yield_pct,higher_enso_yield_pct,covered_production_mt,beyond_historical_exposure_share,calendar_review_units
2026-10-06,India,IND,cassava,2026,-3.032710927026591,-3.3068282470397437,-3.5801223545384957,6.024674929904152,0.029711146590086272,0
2026-10-06,India,IND,maize,2026 / 2027,-5.612928155702965,-7.096891120970753,-8.526046099425571,32.55472208328522,0.2665051164560417,0
2026-10-06,India,IND,rice,2026 / 2027,-2.049002833733494,-2.464295242095577,-2.8728866703729614,190.848543676,0.1399643166538826,0
2026-10-06,India,IND,sorghum,2026 / 2027,-9.942755836726832,-14.074633732958358,-17.946398253462238,4.156766740067829,0.995485255430156,0
2026-10-06,India,IND,soybean,2026,-9.912586232733883,-10.876147615893354,-11.825614663455445,12.915625561615142,0.0,0
2026-10-06,India,IND,wheat,2027,-2.608175083218527,-3.952796536918282,-5.2655149852335645,107.86774304496551,0.9999931115183787,0
2026-10-06,Brazil,BRA,cassava,2027,-0.3360133751597213,-0.49178419941974905,-0.6467175131643172,18.0513836,0.0,0
2026-10-06,Brazil,BRA,maize,2026 / 2027,-3.3106504420509726,-4.735599328851341,-5.971000367674752,107.0162256,0.21799954043604394,1120
2026-10-06,Brazil,BRA,rice,2026 / 2027,-1.1110087711512013,-1.5467647460081526,-1.9745130987552504,10.8359816,0.0,0
2026-10-06,Brazil,BRA,sorghum,2027,0.3461803488558264,0.580920675311345,0.8490370443309512,3.0738534,0.0,0
2026-10-06,Brazil,BRA,soybean,2026 / 2027,-1.425907309595501,-2.1724075782191434,-2.911593833862949,128.8742596,0.003999991942533729,1693
2026-10-06,Brazil,BRA,wheat,2026 / 2027,-4.759183392629031,-5.331062655920203,-5.89286177565676,7.577335399999999,0.0,0
2026-10-06,Australia,AUS,maize,2027,-2.393253265854867,-3.6471986361511166,-4.885034679538135,0.34338311799999993,0.0,0
2026-10-06,Australia,AUS,rice,2027,2.2832333099434665,3.523251410652151,4.778302717100691,0.345623338,0.0,0
2026-10-06,Australia,AUS,sorghum,2027,-11.954029791509724,-17.73856100496285,-23.143054366823467,1.634252318,0.0,0
2026-10-06,Australia,AUS,soybean,2027,-4.533745926364663,-6.869040860592181,-9.147209824153425,0.0363756,0.0,0
2026-10-06,Australia,AUS,wheat,2026,-15.055410571775825,-17.332373107284155,-19.545890095386255,30.373632874000005,0.0,0
2026-10-06,South Africa,ZAF,maize,2027,-18.517333561417338,-26.954528682602284,-34.51808693567365,15.176545,0.0,0
2026-10-06,South Africa,ZAF,rice,2027,-0.31671079243412725,-0.4853550692964337,-0.6537140336219438,0.0030808180000000004,0.0,0
2026-10-06,South Africa,ZAF,sorghum,2027,-15.28732946159628,-22.46667967167403,-29.03758407179968,0.1395,0.0,0
2026-10-06,South Africa,ZAF,soybean,2027,-9.992842053538832,-14.911497831754104,-19.56136193587873,1.862569,0.0,0
2026-10-06,South Africa,ZAF,wheat,2026,-4.692327143091079,-5.086983027389757,-5.480004696285401,2.02,0.0,0
2026-10-06,Cambodia,KHM,cassava,2026,-13.760284269807078,-14.927170262513123,-16.078267440188366,13.66562375,0.0,0
2026-10-06,Cambodia,KHM,maize,2026,-9.126752803411387,-9.874550988804254,-10.616195524544136,1.034,0.0,0
2026-10-06,Cambodia,KHM,rice,2026,-4.768944055305847,-5.871672486320208,-6.961600660096186,11.813360000000001,0.9999695260281579,0
2026-10-06,Cambodia,KHM,soybean,2026,12.956427968720742,12.956427968720742,12.956427968720742,0.04822,0.0,0
2026-10-06,Malawi,MWI,cassava,2027,-13.873263621867524,-19.124715058303387,-24.055966945226928,6.0113818,0.0,0
2026-10-06,Malawi,MWI,maize,2027,-7.055816416063964,-10.61600701378338,-14.039825903200652,3.7782212000000004,0.0,0
2026-10-06,Malawi,MWI,rice,2027,-5.590199137655871,-8.44509741897218,-11.21366521211653,0.13871129999999998,0.0,0
2026-10-06,Malawi,MWI,sorghum,2027,-6.459548690497952,-9.734988156735659,-12.89573388837195,0.1272172,0.0,0
2026-10-06,Malawi,MWI,wheat,2027,-2.5531161482068243,-3.8891379023823007,-5.206842455872874,0.0003836,0.0,0
2026-10-06,Angola,AGO,cassava,2027,-6.857035385771593,-9.60280133646212,-12.267624720130032,10.0495562,0.0,0
2026-10-06,Angola,AGO,maize,2027,-2.988491803642368,-4.546968797414808,-6.080409065284565,3.0131338,0.0,0
2026-10-06,Angola,AGO,rice,2027,6.536680364163794,10.199028547448231,13.987275098973173,0.016315200000000002,0.0,0
2026-10-06,Angola,AGO,wheat,2026,5.461799290089653,5.9471307454211475,6.43469567887569,0.009661058,0.0,0
2026-10-06,Pakistan,PAK,maize,2026,-7.6409096072828975,-8.308713510760846,-8.97168884726607,9.414270400000001,0.0,0
2026-10-06,Pakistan,PAK,rice,2026,-1.0769320915979819,-1.2535614756158497,-1.4298754838578012,12.701188,0.0,0
2026-10-06,Pakistan,PAK,sorghum,2026,-3.8171443142996813,-4.210022785633483,-4.601296464802029,0.07355139999999999,0.0,0
2026-10-06,Pakistan,PAK,soybean,2026,4.078194620897313,4.458703521111329,4.840603558284151,5.6e-05,0.0,0
2026-10-06,Pakistan,PAK,wheat,2027,0.3531037921374214,0.5420949831624444,0.7314420941235023,26.285954800000003,0.0,0
2026-10-06,Mozambique,MOZ,cassava,2027,-3.476171152426488,-4.681306324357782,-5.871394944572616,6.468210200000001,0.0,0
2026-10-06,Mozambique,MOZ,maize,2027,-14.824478551596355,-21.81598450516884,-28.233603094535997,1.8831096,0.0,0
2026-10-06,Mozambique,MOZ,rice,2027,-10.971040092126772,-16.32573120005022,-21.358361745984123,0.1941382,0.0,0
2026-10-06,Mozambique,MOZ,sorghum,2027,-2.1723573696254217,-3.31254276866344,-4.439439257642652,0.15017439999999999,0.0,0
2026-10-06,Mozambique,MOZ,wheat,2026,-2.97404689942743,-3.2266381189575477,-3.4785717585088642,0.016,0.0,0
2026-10-06,Morocco,MAR,maize,2027,-1.4361680701271862,-2.194309094557323,-2.9466185903052833,0.033126699999999995,0.0,0
2026-10-06,Morocco,MAR,rice,2026,0.7474970725808383,0.8714076953187488,0.9954707173010391,0.057306159999999995,0.0,0
2026-10-06,Morocco,MAR,sorghum,2027,-10.14370958082197,-15.13015280787703,-19.83988067153738,0.005048769999999999,0.0,0
2026-10-06,Morocco,MAR,soybean,2027,0.009764835062853194,0.014977535992466429,0.020190508618078695,0.001,0.0,0
2026-10-06,Morocco,MAR,wheat,2027,-8.894422711281669,-13.313648929537669,-17.518513294773076,4.1994343160000005,0.0,0
2026-10-06,Nepal,NPL,maize,2026,-4.136931770499819,-4.136931770499819,-4.136931770499819,2.913907408,0.0,0
2026-10-06,Nepal,NPL,rice,2026,-5.818449676757364,-5.818449676757364,-5.818449676757364,5.5027838,0.0,0
2026-10-06,Nepal,NPL,soybean,2026,-2.4691788527551384,-2.6794852167491783,-2.8893380957195514,0.033713721999999995,0.0,0
2026-10-06,Nepal,NPL,wheat,2027,-1.5420857001667176,-2.355468013673323,-3.162130798408369,2.1122520320000002,0.0,0
2026-10-06,Spain,ESP,maize,2026,1.9970287570310497,2.3196297198873506,2.643251020125103,3.884368,0.0,0
2026-10-06,Spain,ESP,rice,2026,-0.3945355712921931,-0.3945355712921931,-0.3945355712921931,0.563942,0.0,0
2026-10-06,Spain,ESP,sorghum,2026,1.3993439195342683,1.3993439195342683,1.3993439195342683,0.022026,0.0,0
2026-10-06,Spain,ESP,wheat,2027,-5.680547944638935,-8.551621201543803,-11.316153401012318,6.661468,0.0,0
2026-10-06,Laos,LAO,cassava,2026,-10.089779329517969,-10.965481960114575,-11.832655470311792,4.107005258,0.0,0
2026-10-06,Laos,LAO,maize,2026,-3.1741339811268814,-3.4434154139265316,-3.7119479508677555,0.58676,0.0,0
2026-10-06,Laos,LAO,soybean,2026,-7.494485560367947,-7.494485560367947,-7.494485560367947,0.00622114,0.0,0
2026-10-06,Germany,DEU,maize,2026,0.41227298552606406,0.45188076928105025,0.4916442635959525,4.0967,0.0,0
2026-10-06,Germany,DEU,soybean,2026,-1.7757795987310865,-1.9276123860637486,-2.079210473693882,0.10614,0.0,0
2026-10-06,Germany,DEU,wheat,2027,-1.3163509001161415,-2.0116509050515363,-2.7018875093443646,22.16341999999999,0.0,0
2026-10-06,Vietnam,VNM,cassava,2026,1.1418752101898022,1.247607452805033,1.353450226366082,10.462137190000004,0.0,0
2026-10-06,Vietnam,VNM,maize,2027,0.001126845737187132,0.0017283429164072215,0.0023298437135776955,4.519441992000001,0.0,0
2026-10-06,Vietnam,VNM,rice,2026 / 2027,-0.5858438337632174,-0.9869703429311197,-1.3829572626614361,43.254327790000005,0.248883465540501,0
2026-10-06,Uzbekistan,UZB,maize,2027,-3.007292584674637,-4.575340411024298,-6.118038146101734,0.5848916040000001,0.0,0
2026-10-06,Uzbekistan,UZB,rice,2026,3.036665598213828,3.318453983399383,3.6010130136127305,0.33143151,0.0,0
2026-10-06,Uzbekistan,UZB,sorghum,2027,0.2723363703461823,0.4180085865286065,0.5638924303177584,0.018033636,0.0,0
2026-10-06,Uzbekistan,UZB,wheat,2027,-2.6558566888355895,-4.044515449782315,-5.413364357883654,6.195524634000001,0.0,0
2026-10-06,Zimbabwe,ZWE,cassava,2027,-0.153360777525946,-0.2351259724425847,-0.31682420920067234,0.255935292,0.0,0
2026-10-06,Zimbabwe,ZWE,maize,2027,-15.381324460133383,-22.598590438654764,-29.200283934241433,1.0672042579999999,0.0,0
2026-10-06,Zimbabwe,ZWE,rice,2027,-0.7785124830147704,-1.191585789268046,-1.6029394120070983,0.0010624,0.0,0
2026-10-06,Zimbabwe,ZWE,sorghum,2027,-11.004909833183518,-16.374550611948557,-21.420206752471984,0.09967143399999999,0.0,0
2026-10-06,Zimbabwe,ZWE,soybean,2027,-6.891227877927008,-10.373118813981131,-13.72480113258425,0.05245764399999999,0.0,0
2026-10-06,Zimbabwe,ZWE,wheat,2026,0.7038967860812706,0.7649026578764317,0.8259454866961891,0.27208540000000003,0.0,0
2026-10-06,Cameroon,CMR,cassava,2026,-4.142713448227753,-4.809774433828384,-5.4721934107250565,6.018391286,0.0,0
2026-10-06,Cameroon,CMR,maize,2027,1.2716382225274936,1.9570245862757352,2.647049509011068,2.1610343999999997,0.0,0
2026-10-06,Cameroon,CMR,rice,2026,3.8852212681972365,4.622088341274355,5.364182077747426,0.316498228,0.0,0
2026-10-06,Cameroon,CMR,sorghum,2026,-1.410741397176829,-1.5579458185343673,-1.7049304477768756,1.187854,0.0,0
2026-10-06,Cameroon,CMR,soybean,2026,-2.582321543477873,-2.8147297647878378,-3.0465835325100388,0.09606578199999999,0.0,0
2026-10-06,Cameroon,CMR,wheat,2027,3.4076193671311206,5.273836404529564,7.173733416885275,0.000602718,0.0,0
2026-10-06,Mexico,MEX,cassava,2026,-4.882387827991352,-5.319523515664081,-5.754650241956538,0.025658298000000003,0.0,0
2026-10-06,Mexico,MEX,maize,2026 / 2027,-0.8648125700441296,-1.08552593076461,-1.2976967804907695,27.251880924,0.14000061172438139,0
2026-10-06,Mexico,MEX,rice,2027,0.9790887032258278,1.5056285583723297,2.0349139742345868,0.259202804,0.0,0
2026-10-06,Mexico,MEX,sorghum,2027,0.5690677737350435,0.8741513991357586,1.1801605180360664,4.601120878000001,0.0,0
2026-10-06,Mexico,MEX,soybean,2026,4.528183758677051,4.928630453485461,5.330611256604323,0.22832169,0.0,0
2026-10-06,Mexico,MEX,wheat,2026 / 2027,0.4803975057331597,0.18670535060557955,-0.10303624376811328,3.3202478299999996,0.001999850715962971,0
2026-10-06,Rwanda,RWA,cassava,2026,-15.620053197788554,-15.620053197788554,-15.620053197788554,1.300360236,0.0,0
2026-10-06,Rwanda,RWA,maize,2027,-0.7764548755046619,-1.188442985410676,-1.5987204710642413,0.46390936399999994,0.0,0
2026-10-06,Rwanda,RWA,rice,2027,-1.956830404834975,-2.9856317891151507,-4.003637599438792,0.129708422,0.0,0
2026-10-06,Rwanda,RWA,sorghum,2027,-1.6980813498570393,-2.5926546386782046,-3.4790870755194603,0.177326466,0.0,0
2026-10-06,Rwanda,RWA,soybean,2027,1.1351052106791437,1.7462710835707496,2.361130270701861,0.027762954000000006,0.0,0
2026-10-06,Rwanda,RWA,wheat,2027,-1.7725159833609894,-2.3271759666021907,-2.8787039578139657,0.014542973999999998,0.0,0
2026-10-06,Nigeria,NGA,sorghum,2026,-1.5926311143836802,-1.7367627558084076,-1.880683295866492,6.637894,0.0,0
2026-10-06,Nigeria,NGA,soybean,2026,-7.114842155337476,-7.738621113339017,-8.35821102545341,1.259368,0.0,0
2026-10-06,Nigeria,NGA,wheat,2026,0.5014684806984748,0.5473757848457605,0.5933040586426186,0.051817298,0.0,0
2026-10-06,United Kingdom,GBR,wheat,2027,-0.9921003723527451,-1.5163356018093634,-2.0368914082350518,13.878200000000001,0.0,0
2026-10-06,Côte d'Ivoire,CIV,cassava,2027,-0.4963112626986233,-0.6289661111151478,-0.7614441087130386,6.735101,0.0,0
2026-10-06,Côte d'Ivoire,CIV,maize,2027,-0.641474003356124,-0.9821962927690775,-1.3217501703387646,1.2066553999999998,0.0,0
2026-10-06,Côte d'Ivoire,CIV,rice,2026,-8.58546883813507,-8.58546883813507,-8.58546883813507,1.7478304,0.0,0
2026-10-06,Côte d'Ivoire,CIV,sorghum,2026,-1.323504074455473,-1.4434589906074269,-1.5632680849831493,0.0698348,0.0,0
2026-10-06,Côte d'Ivoire,CIV,soybean,2026,-8.739743615999197,-10.274353325090068,-11.783157420077394,0.0005733880000000001,0.0,0
2026-10-06,Senegal,SEN,cassava,2026,-13.447332026908299,-15.999220215914812,-18.47586943792362,1.28212901,0.0,0
2026-10-06,Senegal,SEN,maize,2026,0.917374649681979,1.0143415434564762,1.1114016082882208,0.7379983680000001,0.0,0
2026-10-06,Senegal,SEN,rice,2027,0.384797528000358,0.5908019741475812,0.797229171875502,1.3632786439999998,0.0,0
2026-10-06,Senegal,SEN,sorghum,2026,-3.9940601972201395,-4.404727197811464,-4.8136375634933115,0.34554130200000005,0.0,0
2026-10-06,Peru,PER,cassava,2027,-1.5829226487792833,-2.2421821458508906,-2.897025508079076,1.376648082,0.0,0
2026-10-06,Peru,PER,maize,2027,-2.38579164043432,-3.635900912335211,-4.870000494479276,1.5723222280000002,0.0,0
2026-10-06,Peru,PER,rice,2027,-2.0506517364069055,-3.1279870435524497,-4.1934728449626535,3.38273311,0.0,0
2026-10-06,Peru,PER,sorghum,2026,1.6009872801802105,1.748422222471513,1.8960711101465133,0.000118554,0.0,0
2026-10-06,Peru,PER,soybean,2027,0.15479084139076174,0.23751374098783806,0.32030496560522254,0.001820098,0.0,0
2026-10-06,Peru,PER,wheat,2027,-0.395668495614454,-0.6062286687299023,-0.8163437247923676,0.19695692199999998,0.0,0
2026-10-06,Algeria,DZA,maize,2027,-0.05458887796615519,-0.08371533622428817,-0.11283330634314083,0.010216,0.0,0
2026-10-06,Algeria,DZA,rice,2026,4.122573129909357,4.122573129909357,4.122573129909357,0.00031167600000000004,0.0,0
2026-10-06,Algeria,DZA,sorghum,2027,4.303041092105575,6.675232349235217,9.101374970596265,0.0006361899999999999,0.0,0
2026-10-06,Algeria,DZA,wheat,2027,-4.062655214713217,-6.1632369912802965,-8.217825793892132,2.9304032,0.0,0
2026-10-06,Mali,MLI,cassava,2026,-1.1783475179660385,-1.420789940338052,-1.6626375707116559,0.12205402800000001,0.0,0
2026-10-06,Mali,MLI,maize,2026,-3.8554237442115613,-4.477314566702416,-5.09518282016067,3.6456058,0.0,0
2026-10-06,Mali,MLI,rice,2027,-0.6291623163131476,-0.9633769600568498,-1.296467537316903,2.9030443999999997,0.0,0
2026-10-06,Mali,MLI,sorghum,2026,0.817402090271324,0.9529553840821103,1.088690935073533,1.5409723999999998,0.0,0
2026-10-06,Mali,MLI,soybean,2026,2.0687305262490074,2.2493379256060653,2.43026490405982,0.016965,0.0,0
2026-10-06,Mali,MLI,wheat,2027,-1.3882232660692884,-2.121328296156133,-2.8489832369844814,0.027678400000000002,0.0,0
2026-10-06,Sierra Leone,SLE,cassava,2027,-2.3761875980781495,-3.6213586544724286,-4.850647817693976,2.233427396,0.0,0
2026-10-06,Sierra Leone,SLE,maize,2026,-15.65352618626483,-16.95430676416859,-18.235026869650138,0.02741453,0.0,0
2026-10-06,Sierra Leone,SLE,rice,2026,-4.099375585405818,-4.961642170687453,-5.816155900670883,1.337712834,0.0,0
2026-10-06,Sierra Leone,SLE,sorghum,2026,-2.4652863756413956,-2.6752657763826515,-2.8847931191119724,0.0594316,0.0,0
2026-10-06,Myanmar,MMR,cassava,2026,-0.4707471112118222,-0.5112870477307019,-0.5518104716524808,0.31421562199999997,0.0,0
2026-10-06,Myanmar,MMR,maize,2027,0.446016756708989,0.684907037911664,0.9243654707274507,2.1671876,0.0,0
2026-10-06,Myanmar,MMR,rice,2026,-0.5286590490009307,-0.6174032635192809,-0.706059129205049,26.83248,0.20899626124756265,0
2026-10-06,Myanmar,MMR,sorghum,2026,0.8228334783817459,0.9530572792986637,1.0834492786061523,0.16519250400000002,0.0,0
2026-10-06,Myanmar,MMR,soybean,2027,0.5495967580678496,0.8441980233199643,1.1396624437540526,0.136332,0.0,0
2026-10-06,Myanmar,MMR,wheat,2027,-0.8855284256479191,-1.354994711144508,-1.8222373194149766,0.09849,0.0,0
2026-10-06,Niger,NER,cassava,2027,0.9880173687786264,1.5193949342632072,2.053568495990299,0.686971694,0.0,0
2026-10-06,Niger,NER,maize,2026,7.133170011016366,7.809219616715946,8.48953534344341,0.027898006,0.0,0
2026-10-06,Niger,NER,rice,2027,1.1014420525974125,1.6943316768286643,2.29069818624954,0.13155487400000002,0.0,0
2026-10-06,Niger,NER,sorghum,2026,-7.233729140630174,-7.963402268526976,-8.687335994929645,1.807762954,0.0,0
2026-10-06,Niger,NER,wheat,2027,3.6386611062663166,5.634814878409622,7.669415981302952,0.005628526,0.0,0
2026-10-06,Madagascar,MDG,cassava,2027,-0.6644761736778637,-1.0173534920026261,-1.368977256744619,2.6209328,0.0,0
2026-10-06,Madagascar,MDG,maize,2027,-2.929669978607518,-4.45818384362705,-5.962629029421518,0.24222095600000002,0.0,0
2026-10-06,Madagascar,MDG,rice,2026,-1.417197180510965,-1.545577208739346,-1.673790053329438,4.5401625999999995,0.0,0
2026-10-06,Madagascar,MDG,sorghum,2027,-2.2340916486688234,-3.4061104601617154,-4.56407909692953,0.0013777799999999999,0.0,0
2026-10-06,Madagascar,MDG,soybean,2027,-4.46915549813266,-6.772379054361655,-9.020072495917963,4.7748000000000004e-05,0.0,0
2026-10-06,Madagascar,MDG,wheat,2026,3.5742941692520347,4.148827968645684,4.72654874690599,0.002,0.0,0
2026-10-06,Bolivia,BOL,cassava,2027,-0.22008794178903984,-0.3131619746979684,-0.40614918658466626,0.21536374800000002,0.3034865459343696,0
2026-10-06,Bolivia,BOL,maize,2027,-2.412214297170634,-3.675905654541356,-4.923233121337123,1.0590846,0.9999201196958203,0
2026-10-06,Bolivia,BOL,rice,2027,-3.7161595179634572,-5.642923000313249,-7.531129467297526,0.588975352,1.0000418489499032,0
2026-10-06,Bolivia,BOL,sorghum,2027,2.6546098521303074,4.1003266988508535,5.56640402625419,0.9552175799141351,0.0,0
2026-10-06,Bolivia,BOL,soybean,2027,-0.6750161169647148,-1.0331146433284883,-1.3896803815440177,3.2531955379999995,0.0,0
2026-10-06,Bolivia,BOL,wheat,2027,-5.1795407533679825,-7.833334022451944,-10.41269047449271,0.29381431599999996,0.0,0
2026-10-06,El Salvador,SLV,cassava,2026,3.3500769224376943,3.6639455380538926,3.978767355746005,0.028820424,0.0,0
2026-10-06,El Salvador,SLV,maize,2026,-11.282491970685937,-12.194748134847245,-13.097623835923688,0.7904956580000001,0.0,0
2026-10-06,El Salvador,SLV,rice,2027,-0.31483490355339594,-0.4824827145876398,-0.6498485800734422,0.019150079999999996,0.0,0
2026-10-06,El Salvador,SLV,sorghum,2027,2.8243275218126085,3.613178992577204,4.408082403168945,0.103225774,0.0,0
2026-10-06,El Salvador,SLV,soybean,2026,2.442639000012492,2.702970721516973,2.963964009395404,0.0053951319999999995,0.0,0
2026-10-06,Chad,TCD,cassava,2027,-2.935913376250787,-3.9404964177625175,-4.934682337924867,0.292912104,0.0,0
2026-10-06,Chad,TCD,maize,2026,-8.602501570536647,-9.463058495408593,-10.315512810978634,0.380966826,0.0,0
2026-10-06,Chad,TCD,rice,2026,-4.182717893802191,-4.856055691192529,-5.524661734775737,0.25343591,0.0,0
2026-10-06,Chad,TCD,sorghum,2026,-2.0248892573915267,-2.2354470017640016,-2.4455522377046957,0.936525328,0.0,0
2026-10-06,Chad,TCD,wheat,2026,1.0170708809583262,1.2068032247621652,1.396891927763222,0.001514306,0.0,0
2026-10-06,Mongolia,MNG,wheat,2026,-15.58331924728268,-15.58331924728268,-15.58331924728268,0.445827196,0.0,0
2026-10-06,Guatemala,GTM,cassava,2026,6.696098566352093,7.334383549583112,7.976486926600713,0.0026278,0.0,0
2026-10-06,Guatemala,GTM,maize,2026,-2.4699201983996333,-2.6802888328606667,-2.890203710260741,2.007973,0.0,0
2026-10-06,Guatemala,GTM,rice,2026,-4.479497172897696,-5.166554270143697,-5.848669523064065,0.0299154,0.0,0
2026-10-06,Guatemala,GTM,sorghum,2026,1.3611279757630435,1.4795121794558996,1.598034649365454,0.047315,0.0,0
2026-10-06,Guatemala,GTM,soybean,2026,-3.9050523365514067,-4.253881031776285,-4.601443464189526,0.0416,0.0,0
2026-10-06,Guatemala,GTM,wheat,2026,-0.9668870630851091,-1.0499277639628768,-1.1328988340091106,0.000465418,0.0,0
2026-10-06,Portugal,PRT,maize,2026,-4.535480067879416,-5.268839805619452,-5.996565863901171,0.734982,0.0,0
2026-10-06,Portugal,PRT,rice,2026,0.9924784313646517,0.9924784313646517,0.9924784313646517,0.160918,0.0,0
2026-10-06,Portugal,PRT,wheat,2027,-19.814081654713565,-28.71904531693243,-36.628311920677,0.06532,0.0,0
2026-10-06,Belgium,BEL,maize,2026,-1.2931158908031468,-1.4954745417840307,-1.6972330199173746,0.46360000000000007,0.0,0
2026-10-06,Belgium,BEL,wheat,2027,-1.6044369825230382,-2.4499220430367603,-3.2878845077776107,1.783216,0.0,0
2026-10-06,Thailand,THA,cassava,2026,0.011627492232426874,0.012697592787080039,0.013767709877033334,31.971632800000002,0.0,0
2026-10-06,Thailand,THA,maize,2027,2.37348205991188,3.6633846103091288,4.9695398909646915,4.7375342,0.0,0
2026-10-06,Thailand,THA,rice,2026 / 2027,-0.5359749534378627,-0.7064405462047538,-0.8756347641936353,32.212712792,0.0,0
2026-10-06,Thailand,THA,sorghum,2026,-3.533303978382652,-3.849594785319066,-4.164848551715294,0.0475906,0.0,0
2026-10-06,Thailand,THA,soybean,2026 / 2027,-1.8099837028625905,-2.1040433833964496,-2.3962190001666728,0.021583,0.0,0
2026-10-06,Thailand,THA,wheat,2026,-0.5108361652055193,-0.5108361652055193,-0.5108361652055193,0.001321238,0.0,0
2026-10-06,Sweden,SWE,wheat,2027,-0.9787494114604564,-1.496657072636897,-2.011435701599489,3.1431600000000004,0.0,0
2026-10-06,Cuba,CUB,cassava,2026,-4.995117254962245,-5.442054264021667,-5.88688872125116,0.742835542,0.0,0
2026-10-06,Cuba,CUB,maize,2026,-1.3190405890726953,-1.5617151122639281,-1.8037928544291206,0.223982094,0.0,0
2026-10-06,Cuba,CUB,rice,2027,-0.8169212300363604,-1.2502451875062714,-1.6816759828113592,0.21736022000000002,0.0,0
2026-10-06,Cuba,CUB,sorghum,2026,-8.087813338659167,-8.087813338659167,-8.087813338659167,0.0029758519999999998,0.0,0
2026-10-06,Switzerland,CHE,maize,2026,-4.476962678486596,-4.476962678486596,-4.476962678486596,0.15063320000000002,0.0,0
2026-10-06,Switzerland,CHE,soybean,2026,-2.998412323322153,-3.253038044040657,-3.506995381290345,0.0059106,0.0,0
2026-10-06,Switzerland,CHE,wheat,2027,-3.6797777477484255,-5.588232381761493,-7.458873574267466,0.483877,0.0,0
2026-10-06,Eritrea,ERI,maize,2026,-19.465027147082736,-22.63385791763257,-25.678003869939257,0.02,0.0,0
2026-10-06,Eritrea,ERI,sorghum,2026,-11.163969839786281,-13.63572797000957,-16.038712335316696,0.14,0.0,0
2026-10-06,Eritrea,ERI,wheat,2026,-23.52292131036371,-28.258881231649514,-32.701559600340325,0.025,0.0,0
2026-10-06,Ireland,IRL,wheat,2027,-3.6641148822773024,-5.564683902839439,-7.427757419026382,0.5545420000000001,0.0,0
2026-10-06,Iraq,IRQ,maize,2026,-0.0726374786353512,-0.0726374786353512,-0.0726374786353512,0.46021259999999997,0.0,0
2026-10-06,Iraq,IRQ,rice,2026,1.4957383436572824,1.6543376788708655,1.813184844678517,0.2971132,0.0,0
2026-10-06,Iraq,IRQ,sorghum,2027,2.7339158432335924,4.223703441709614,5.735095074942387,0.0024776,0.0,0
2026-10-06,Iraq,IRQ,soybean,2026,4.882138818242732,4.882138818242732,4.882138818242732,3.4098e-05,0.0,0
2026-10-06,Iraq,IRQ,wheat,2027,-0.49950874832956904,-0.7651162475667993,-1.0300147317754305,4.365599400000001,0.0,0
2026-10-06,Azerbaijan,AZE,maize,2027,0.5550872558574893,0.8526440563455085,1.1510813697139133,0.28678634,0.0,0
2026-10-06,Azerbaijan,AZE,rice,2026,-2.651153800479311,-2.925854972891795,-3.199780987333012,0.0110435,0.0,0
2026-10-06,Azerbaijan,AZE,wheat,2027,-0.9427614117625492,-1.4423484776584174,-1.9394159171244763,1.85064854,0.0,0
2026-10-06,Afghanistan,AFG,maize,2027,-0.42785333670491976,-0.6554846526038438,-0.8825955818513309,0.27895220000000004,0.0,0
2026-10-06,Afghanistan,AFG,rice,2026,-3.682076109222365,-3.9987017152507627,-4.314286478927675,0.60752,0.0,0
2026-10-06,Afghanistan,AFG,wheat,2027,0.132756991489269,0.20369265219639665,0.2746785648701344,4.4492427999999995,0.0,0
2026-10-06,Panama,PAN,cassava,2026,-2.5257546545265686,-3.0411240250487137,-3.553768515915401,0.027126466000000005,0.0,0
2026-10-06,Panama,PAN,maize,2027,1.6033754807351697,2.469728979529217,3.3434697169983485,0.116615,0.0,0
2026-10-06,Panama,PAN,rice,2026,-4.668683756253477,-4.668683756253477,-4.668683756253477,0.3976924,0.0,0
2026-10-06,Panama,PAN,sorghum,2027,3.224759828690882,4.988442562073536,6.782259313585137,0.0025038,0.0,0
2026-10-06,Panama,PAN,soybean,2027,-0.5581192075635344,-0.7744379804006885,-0.9902861888125836,9.7676e-05,0.0,0
2026-10-06,Togo,TGO,cassava,2026,-2.321758450362299,-2.79610342608394,-3.2681448882244224,1.189962988,0.0,0
2026-10-06,Togo,TGO,maize,2027,1.19995971637572,1.8463621189176662,2.4968933379846403,0.9392366,0.0,0
2026-10-06,Togo,TGO,rice,2026,-2.4943485939059484,-2.718950299401035,-2.9430346407701924,0.16503079999999998,0.0,0
2026-10-06,Togo,TGO,sorghum,2026,1.1919171414928709,1.3014399529224896,1.4110813039208914,0.28389640000000005,0.0,0
2026-10-06,Albania,ALB,maize,2026,-3.607263032261288,-3.607263032261288,-3.607263032261288,0.40257634,0.0,0
2026-10-06,Albania,ALB,soybean,2026,-9.582184715329321,-9.582184715329321,-9.582184715329321,0.00052482,0.0,0
2026-10-06,Albania,ALB,wheat,2027,-0.13307536114668395,-0.20403632315627585,-0.2749468634857477,0.231709716,0.0,0
2026-10-06,Liberia,LBR,cassava,2026,0.6118432165530097,0.6648446101824801,0.7178739244586563,0.609291706,0.0,0
2026-10-06,Liberia,LBR,rice,2026,-5.8323621485226855,-6.7617435303371165,-7.681952443004293,0.2782,0.0,0
2026-10-06,Liberia,LBR,soybean,2027,-0.15862876832198888,-0.24319920087189087,-0.32769799820713263,0.003392894,0.0,0
2026-10-06,Austria,AUT,maize,2026,-0.23050975097936272,-0.266267231589163,-0.3020117161217817,2.272946,0.0,0
2026-10-06,Austria,AUT,soybean,2026,-3.1895354159185767,-3.4597102450672987,-3.7290697314435746,0.23677,0.0,0
2026-10-06,Austria,AUT,wheat,2027,-0.01906291412050924,-0.029236892256169343,-0.03940982905714334,1.650914,0.0,0
2026-10-06,Somalia,SOM,cassava,2026,-0.4235718350145912,-0.5121750787093537,-0.6006994831151524,0.097564758,0.0,0
2026-10-06,Somalia,SOM,maize,2027,-8.53955745562297,-12.795225820022882,-16.852877285270274,0.0682,0.0,0
2026-10-06,Somalia,SOM,rice,2027,-3.747442368202169,-5.027934480200625,-6.291391615786679,0.00201786,0.0,0
2026-10-06,Somalia,SOM,sorghum,2027,-3.483647946638135,-5.29321183596233,-7.068848609312073,0.0854,0.0,0
2026-10-06,Somalia,SOM,wheat,2027,-0.03831259991852187,-0.058757235380690886,-0.07919768940964911,0.001057362,0.0,0
2026-10-06,Yemen,YEM,maize,2026,-10.334108564379285,-10.334108564379285,-10.334108564379285,0.07708939999999999,0.0,0
2026-10-06,Yemen,YEM,sorghum,2026,-2.189733110368109,-2.3796189694620606,-2.5691361899597642,0.199731252,0.0,0
2026-10-06,Yemen,YEM,wheat,2026,-0.9635003966485199,-0.9635003966485199,-0.9635003966485199,0.109255184,0.0,0
2026-10-06,Botswana,BWA,maize,2027,1.2589539713054432,1.9374386753002957,2.6204695599092886,0.039836612,0.0,0
2026-10-06,Botswana,BWA,sorghum,2027,-16.667739371036582,-24.39604511903871,-31.407621124156094,0.056886018000000003,0.0,0
2026-10-06,Botswana,BWA,wheat,2026,4.465471556419831,4.860244497501598,5.25650927768282,0.0012710199999999999,0.0,0
2026-10-06,Eswatini,SWZ,maize,2027,-7.499906643399601,-11.270218713635694,-14.886852527005967,0.0988404,0.0,0
2026-10-06,Eswatini,SWZ,rice,2027,7.615586638704963,11.915343060052974,16.386895276604818,0.00096,0.0,0
2026-10-06,Eswatini,SWZ,sorghum,2027,-10.21224985663347,-15.22942474389596,-19.966249095487555,0.001,0.0,0
2026-10-06,Eswatini,SWZ,wheat,2026,-1.4389447427408886,-1.663703795974536,-1.8879503076989823,0.0007199940000000001,0.0,0
2026-10-06,Venezuela,VEN,cassava,2026,-1.0141912872941083,-1.2230683881656048,-1.4315047223874446,0.436160926,0.0,0
2026-10-06,Venezuela,VEN,maize,2026,-0.6051799274127911,-0.6602478404175937,-0.7152852440352797,2.1309626,0.0,0
2026-10-06,Venezuela,VEN,rice,2027,0.43226951967485494,0.60096806846901,0.7699499843572655,0.608963,0.0,0
2026-10-06,Venezuela,VEN,sorghum,2027,5.090041479204732,7.91225710329837,10.810263933835218,0.04449318399999999,0.0,0
2026-10-06,Venezuela,VEN,soybean,2026,1.6702892107509637,2.2764380293373465,2.886200650865822,0.006675424000000001,0.0,0
2026-10-06,Venezuela,VEN,wheat,2027,1.5328330377307298,2.3606297716007196,3.1951755285414274,0.0007973619999999999,0.0,0
2026-10-06,Ecuador,ECU,cassava,2026,-7.15349011941947,-8.570622592190478,-9.966125124881186,0.09921545999999999,0.0,0
2026-10-06,Ecuador,ECU,sorghum,2027,-3.9563331457484368,-6.0036853413691915,-8.007394357275931,0.014323554,0.0,0
2026-10-06,Namibia,NAM,maize,2027,-10.165984230329638,-15.162419260420988,-19.880959967342704,0.07120539999999999,0.0,0
2026-10-06,Namibia,NAM,sorghum,2027,-4.868709195551912,-7.369764869961348,-9.805066369970337,0.0049412,0.0,0
2026-10-06,Namibia,NAM,wheat,2026,10.734247611222548,11.71339125725448,12.701192769305703,0.0144562,0.0,0
2026-10-06,Haiti,HTI,cassava,2026,-0.5838209238273051,-0.637374601118923,-0.6908994300241056,0.6443231359999999,0.0,0
2026-10-06,Haiti,HTI,maize,2027,0.009017574958281038,0.01383134310877221,0.018645342961987055,0.1781458,0.0,0
2026-10-06,Haiti,HTI,rice,2026,-2.6996189142890925,-2.6996189142890925,-2.6996189142890925,0.15527860000000002,0.0,0
2026-10-06,Haiti,HTI,sorghum,2026,3.6167260135037127,4.646313859074813,5.686132206733064,0.013175200000000001,0.0,0
2026-10-06,Belize,BLZ,cassava,2026,1.9681323999848122,2.1511816357861813,2.3345594744749176,0.0007832000000000001,0.0,0
2026-10-06,Belize,BLZ,maize,2026,-2.3632305955765704,-2.576182552800277,-2.788670048363062,0.09463880000000001,0.0,0
2026-10-06,Belize,BLZ,rice,2026,-6.252281810152139,-6.252281810152139,-6.252281810152139,0.0151794,0.0,0
2026-10-06,Belize,BLZ,sorghum,2026,-8.143921228041519,-8.143921228041519,-8.143921228041519,0.0183052,0.0,0
2026-10-06,Belize,BLZ,soybean,2026,-10.680543637773908,-11.596872756913813,-12.503801247245816,0.0190066,0.0,0
2026-10-06,Guinea,GIN,cassava,2027,-0.33133039763595384,-0.4289557200625182,-0.5264854186223578,2.678145286,0.0,0
2026-10-06,Guinea,GIN,maize,2026,-4.235667563278967,-4.592847935063304,-4.948696100850469,0.8321988499999999,0.0,0
2026-10-06,Guinea,GIN,rice,2026,1.4999611637079413,1.6380178224186803,1.7762622609156955,2.8755488,0.0,0
2026-10-06,Guinea,GIN,sorghum,2026,-2.5379554563591755,-2.754036571285934,-2.969638617171555,0.06385297,0.0,0
2026-10-06,Georgia,GEO,maize,2027,-1.7703216881602146,-2.702425842785816,-3.625685235115516,0.20778,0.0,0
2026-10-06,Georgia,GEO,soybean,2026,15.548529384388265,15.548529384388265,15.548529384388265,0.003,0.0,0
2026-10-06,Georgia,GEO,wheat,2027,1.7521427714985105,2.4772534233853394,3.2075313910962406,0.12854,0.0,0
2026-10-06,Bhutan,BTN,maize,2026,-1.0889509791097596,-1.0889509791097596,-1.0889509791097596,0.033847584,0.0,0
2026-10-06,Bhutan,BTN,rice,2026,-4.463663268706708,-5.180992292260255,-5.892935292593349,0.045279498,0.0,0
2026-10-06,Bhutan,BTN,soybean,2026,7.9492915989473945,8.664571838454727,9.384591579383983,0.000123716,0.0,0
2026-10-06,Bhutan,BTN,wheat,2026,-0.6978869957626421,-0.6978869957626421,-0.6978869957626421,0.001143502,0.0,0
2026-10-06,Gabon,GAB,cassava,2026,-0.31044205006356407,-0.3773017062202566,-0.44411652103434335,0.303660562,0.0,0
2026-10-06,Gabon,GAB,maize,2027,0.6984700332986593,0.9715579609438808,1.2453864859010677,0.046019824,0.0,0
2026-10-06,Gabon,GAB,rice,2027,1.0501952113932678,1.6152798559731174,2.1835245207278087,0.0017599279999999998,0.0,0
2026-10-06,Gabon,GAB,soybean,2026,4.313756628703924,4.716737947321126,5.121276049515134,0.004020248000000001,0.0,0
2026-10-06,Gambia,GMB,cassava,2026,-3.002076339629778,-3.6128218238143828,-4.219721761286476,0.0122273,0.0,0
2026-10-06,Gambia,GMB,maize,2026,-2.115929715209919,-2.3068615249337787,-2.497420904742753,0.02041782,0.0,0
2026-10-06,Gambia,GMB,rice,2027,-1.806411091084026,-2.757248557854075,-3.6988787851468974,0.040873599999999996,0.0,0
2026-10-06,Gambia,GMB,sorghum,2026,0.20890427913320408,0.2308998275767138,0.2529002039759254,0.00547442,0.0,0
2026-10-06,Equatorial Guinea,GNQ,cassava,2027,-0.8760034194539856,-1.3404542366869165,-1.8027288446358258,0.076720936,0.0,0
2026-10-06,Lebanon,LBN,maize,2027,-0.3491202793737491,-0.5349758104913782,-0.7204847086586197,0.003,0.0,0
2026-10-06,Lebanon,LBN,sorghum,2026,1.294062501095894,1.294062501095894,1.294062501095894,0.004328,0.0,0
2026-10-06,Lebanon,LBN,wheat,2027,-0.45096136531256326,-0.690844156430781,-0.9301489032578103,0.14241,0.0,0
2026-10-06,Lesotho,LSO,maize,2027,-1.2309709941605407,-1.8818285237034216,-2.528397102266167,0.0668092,0.0,0
2026-10-06,Lesotho,LSO,sorghum,2027,1.4635697920303725,2.2535482979751493,3.0496774453879327,0.0064718,0.0,0
2026-10-06,Lesotho,LSO,wheat,2026,-9.810814923569577,-11.265879020707958,-12.697467891576284,0.0035572,0.0,0
2026-10-06,Mauritania,MRT,maize,2026,4.131691460890541,4.693118479235525,5.2575724367621035,0.0158256,0.0,0
2026-10-06,Mauritania,MRT,rice,2027,-0.08763745883488827,-0.13438546918042027,-0.1811116065923435,0.36808,0.0,0
2026-10-06,Mauritania,MRT,sorghum,2026,-1.7297571634487863,-2.1117139602121027,-2.4921861672320573,0.0845214,0.0,0
2026-10-06,Mauritania,MRT,wheat,2027,2.5054005595716022,3.8683389223734155,5.2493992667552725,0.0051298360000000005,0.0,0
2026-10-06,United Arab Emirates,ARE,maize,2026,-1.9513591206889669,-1.9513591206889669,-1.9513591206889669,0.023302778,0.0,0
2026-10-06,Antigua And Barbuda,ATG,cassava,2026,2.658812161280965,2.907009149695128,3.1558062010143884,8.147999999999999e-05,0.0,0
2026-10-06,Antigua And Barbuda,ATG,maize,2026,-2.7090258555710007,-2.7090258555710007,-2.7090258555710007,5.1562e-05,0.0,0
2026-10-06,Bahamas,BHS,cassava,2026,-3.7573626836299616,-4.095952582265316,-4.433351292435194,0.0008452120000000001,0.0,0
2026-10-06,Bahamas,BHS,maize,2026,-3.067870669488215,-3.3849943602442316,-3.7010805473785546,0.000605616,0.0,0
2026-10-06,Barbados,BRB,cassava,2026,-0.7640832420068522,-0.834102824915417,-0.9040730029094113,0.0005838340000000001,0.0,0
2026-10-06,Barbados,BRB,maize,2026,-1.9794174986644264,-1.9794174986644264,-1.9794174986644264,5.43e-05,0.0,0
2026-10-06,Brunei Darussalam,BRN,cassava,2026,-1.8343910553777487,-2.2148085053140805,-2.593751737978489,0.000505146,0.0,0
2026-10-06,Brunei Darussalam,BRN,rice,2027,-7.8712866440011515,-11.816031853020858,-15.591871905360989,0.00351772,0.0,0
2026-10-06,Cook Islands,COK,cassava,2026,6.8163782568316345,8.28601348218947,9.775868712483438,3.6666666666666666e-06,0.0,0
2026-10-06,Cabo Verde,CPV,cassava,2027,0.025569156658389325,0.03369848524827912,0.04182847452907091,0.0024434,0.0,0
2026-10-06,Cabo Verde,CPV,maize,2026,6.957747514364022,8.575551398167637,10.217825593540786,0.00044132,0.0,0
2026-10-06,Djibouti,DJI,maize,2026,-1.25750035748049,-1.25750035748049,-1.25750035748049,1.7064e-05,0.0,0
2026-10-06,Dominica,DMA,cassava,2026,0.3739617047649358,0.40844515634177464,0.44294045470052446,7.871799999999999e-05,0.0,0
2026-10-06,Dominica,DMA,maize,2026,0.6153409393623744,0.6153409393623744,0.6153409393623744,0.000192756,0.0,0
2026-10-06,Micronesia (Federated States Of),FSM,cassava,2026,0.41905817361589387,0.5061174896910936,0.5932522827191367,0.008684686,0.0,0
2026-10-06,Micronesia (Federated States Of),FSM,maize,2026,1.1357123524819992,1.1357123524819992,1.1357123524819992,9.0706e-05,0.0,0
2026-10-06,Micronesia (Federated States Of),FSM,rice,2026,1.3323714185104583,1.3323714185104583,1.3323714185104583,0.000181994,0.0,0
2026-10-06,Grenada,GRD,cassava,2026,-3.5131577917794754,-3.830182295764162,-4.146165159937387,1.3819999999999998e-05,0.0,0
2026-10-06,Grenada,GRD,maize,2026,1.429923753371609,1.429923753371609,1.429923753371609,0.00038675799999999996,0.0,0
2026-10-06,Japan,JPN,maize,2026,-1.367415738876987,-1.367415738876987,-1.367415738876987,0.000169394,0.0,0
2026-10-06,Kuwait,KWT,maize,2026,0.732388400685302,0.732388400685302,0.732388400685302,0.0240748,0.0,0
2026-10-06,Kuwait,KWT,wheat,2026,0.6080478064819816,0.6080478064819816,0.6080478064819816,5.089e-05,0.0,0
2026-10-06,Mauritius,MUS,cassava,2026,-1.1106532499857158,-1.3392623428347017,-1.5673429448092913,0.00104016,0.0,0
2026-10-06,Mauritius,MUS,maize,2026,-0.23914189038614087,-0.23914189038614087,-0.23914189038614087,0.00094072,0.0,0
2026-10-06,Mauritius,MUS,rice,2027,6.360473107234976,9.919597449887375,13.597820229359357,4.2000000000000004e-06,0.0,0
2026-10-06,New Caledonia,NCL,cassava,2027,2.664759846641118,3.8083983489955786,4.964776461572895,0.000790466,0.0,0
2026-10-06,New Caledonia,NCL,maize,2026,-4.07207191394473,-4.07207191394473,-4.07207191394473,0.006834628,0.0,0
2026-10-06,New Caledonia,NCL,wheat,2027,0.8480284416757523,1.3036322860804361,1.7612944241993667,5.3032e-05,0.0,0
2026-10-06,Niue,NIU,cassava,2026,0.13749055140754862,0.16600585429578096,0.19452927724468158,4.399e-05,0.0,0
2026-10-06,Oman,OMN,maize,2027,-1.8100557602626521,-2.7627845065759664,-3.706269006229601,0.015163,0.0,0
2026-10-06,Oman,OMN,wheat,2027,-0.8549565852206342,-1.308322378666782,-1.7596150423266346,0.0042921999999999995,0.0,0
2026-10-06,Puerto Rico,PRI,cassava,2026,5.39845477888754,5.909649501373826,6.423323577517116,0.0005131659999999999,0.0,0
2026-10-06,Puerto Rico,PRI,maize,2027,-1.3522641430582014,-2.0665794741950627,-2.7757223967828204,0.00023195599999999999,0.0,0
2026-10-06,Puerto Rico,PRI,rice,2026,-0.6934276772468717,-0.8855490828524881,-1.077298804755522,0.00273227,0.0,0
2026-10-06,French Polynesia,PYF,cassava,2026,-1.1280758715334294,-1.3602463841696721,-1.5918717152752282,0.003705614,0.0,0
2026-10-06,Qatar,QAT,maize,2027,1.422625043329262,2.1902657697772776,2.9637165636007707,0.001508,0.0,0
2026-10-06,Qatar,QAT,wheat,2026,9.939381336502118,9.939381336502118,9.939381336502118,5.18e-05,0.0,0
2026-10-06,Singapore,SGP,cassava,2026,1.9948608933030076,2.41320034071566,2.833255638238108,3.1399999999999993e-07,0.0,0
2026-10-06,Solomon Islands,SLB,cassava,2027,2.9251117975939374,4.182741334551676,5.455737695257334,0.003150736,0.0,0
2026-10-06,Solomon Islands,SLB,rice,2026,14.29805630700922,14.29805630700922,14.29805630700922,0.002755376,0.0,0
2026-10-06,Sao Tome And Principe,STP,cassava,2027,4.105162817774444,5.7889047772681,7.499878690580618,0.001436676,0.0,0
2026-10-06,Sao Tome And Principe,STP,maize,2027,-0.870178713199743,-1.3315621172245387,-1.7907980882897578,0.00078192,0.0,0
2026-10-06,Seychelles,SYC,cassava,2026,-1.9612790252526826,-2.362871049461246,-2.7628180485990694,0.000240352,0.0,0
2026-10-06,Tonga,TON,cassava,2026,3.9667738350722237,4.808273612743963,5.656584430613453,0.007117280000000001,0.0,0
2026-10-06,Trinidad And Tobago,TTO,cassava,2026,-13.764471637929578,-14.931681084799386,-16.08309219519769,0.0021788800000000002,0.0,0
2026-10-06,Trinidad And Tobago,TTO,rice,2027,4.863943252645674,7.556362846947606,10.31791128617876,0.00042221999999999995,0.0,0
2026-10-06,Saint Vincent And The Grenadines,VCT,cassava,2026,-10.38472205227472,-11.284381134494915,-12.17500842567728,0.0003436,0.0,0
2026-10-06,Saint Vincent And The Grenadines,VCT,maize,2026,6.5748310742758775,6.5748310742758775,6.5748310742758775,0.0007634,0.0,0
2026-10-06,Vanuatu,VUT,maize,2026,-1.640952867464829,-1.640952867464829,-1.640952867464829,0.000960874,0.0,0
2026-10-06,Samoa,WSM,cassava,2026,-4.831050727582387,-5.802597223386741,-6.764225541038182,0.000470096,0.0,0
2026-10-06,Bulgaria,BGR,sorghum,2026,6.584262549981523,7.1726793335960215,7.7643445734362,0.010948,0.0,0
2026-10-06,Comoros,COM,cassava,2026,0.21943202469278944,0.2649643173570304,0.31051729652520343,0.05713060600000001,0.0,0
2026-10-06,Comoros,COM,maize,2026,6.445950248798637,6.445950248798637,6.445950248798637,0.018678536,0.0,0
2026-10-06,Comoros,COM,rice,2027,-4.519868163313712,-6.84827525254077,-9.119901109181805,4.8e-06,0.0,0
2026-10-06,Cyprus,CYP,wheat,2027,1.6993885691565236,2.61828543718452,3.5454849259652255,0.02988,0.0,0
2026-10-06,Jamaica,JAM,cassava,2026,2.926902978676016,3.200513662226578,3.474851685316027,0.0247424,0.0,0
2026-10-06,Jamaica,JAM,maize,2026,-3.647622484614088,-3.9739343779388814,-4.299141166704024,0.002183,0.0,0
2026-10-06,Jamaica,JAM,rice,2026,-5.03461679692293,-6.196838588103326,-7.344836675378851,2.0000000000000002e-07,0.0,0
2026-10-06,Jordan,JOR,sorghum,2027,-16.048111879182137,-23.53209993772556,-30.348919234325056,0.0010594200000000002,0.0,0
2026-10-06,Jordan,JOR,wheat,2027,1.6646785044957202,2.5645715710120864,3.4724301132774915,0.0250943,0.0,0
2026-10-06,North Macedonia,MKD,maize,2026,-4.109856662579037,-4.109856662579037,-4.109856662579037,0.142387,0.0,0
2026-10-06,North Macedonia,MKD,rice,2027,-0.19144078956175872,-0.29347870724689695,-0.3954123078601435,0.0197472,0.0,0
2026-10-06,North Macedonia,MKD,wheat,2027,1.9679849149332405,3.0342693613131906,4.111703998819705,0.233884,0.0,0
2026-10-06,Suriname,SUR,cassava,2026,4.77765259426659,5.795906931244055,6.82405690788419,0.0053506000000000005,0.0,0
2026-10-06,Suriname,SUR,maize,2027,-2.674953432374172,-3.771457930288669,-4.855608751977469,6.82e-05,0.0,0
2026-10-06,Suriname,SUR,rice,2027,0.22374438050127843,0.34338036050447496,0.4631591486595754,0.24019479999999999,0.0,0
2026-10-06,Suriname,SUR,soybean,2027,-0.12134076667746907,-0.18605021723372417,-0.250717743789175,5.75e-06,0.0,0
2026-10-06,Papua New Guinea,PNG,cassava,2026,0.1781153671987612,0.21506523017287282,0.25202872179601593,0.159814598,0.0,0
2026-10-06,Papua New Guinea,PNG,maize,2026,10.09213082005247,12.072554346618494,14.088603283605417,0.012966294,0.0,0
2026-10-06,Papua New Guinea,PNG,rice,2027,-2.5933198246245066,-3.9499495263107702,-5.287684793403991,0.0008707360000000001,0.0,0
2026-10-06,Papua New Guinea,PNG,sorghum,2026,-6.358437698526664,-7.49227592291719,-8.612385316994619,0.005007662,0.0,0
2026-10-06,Chile,CHL,maize,2027,1.1651302095096083,1.7926049424413588,2.423971601315976,0.7022238619999999,0.0,0
2026-10-06,Chile,CHL,rice,2027,-3.3757822640497106,-5.117790538105747,-6.819558941186068,0.14009376,0.0,0
2026-10-06,Chile,CHL,wheat,2027,-0.1645089484936015,-0.20643286037603306,-0.2483391212782392,1.27624304,0.15896972100235704,0
2026-10-06,Fiji,FJI,cassava,2027,1.9834306792765097,3.0582085243237027,4.144313184016246,0.08697213399999999,0.0,0
2026-10-06,Fiji,FJI,maize,2026,1.8855519905673468,1.8855519905673468,1.8855519905673468,0.0016464980000000001,0.0,0
2026-10-06,Fiji,FJI,rice,2027,-2.9213052841744025,-4.445555941808221,-5.945874056116251,0.009265052,0.0,0
2026-10-06,Fiji,FJI,sorghum,2027,0.6365709768839212,0.9780194012025234,1.3206263211389624,2.3582000000000002e-05,0.0,0
2026-10-06,Luxembourg,LUX,wheat,2027,2.1008452368159958,3.240250886690843,4.392371859655864,0.07781,0.0,0
2026-10-06,Armenia,ARM,maize,2027,-7.212504140271491,-10.847022530066585,-14.33917557415034,0.00583132,0.0,0
2026-10-06,Armenia,ARM,wheat,2027,3.837941582812521,5.480517228283287,7.149076196516124,0.13164094,0.0,0
2026-10-06,Kyrgyzstan,KGZ,maize,2027,0.09361448277798168,0.14362024487419855,0.19365098934571723,0.7299161599999999,0.0,0
2026-10-06,Kyrgyzstan,KGZ,rice,2026,-1.0391855547613904,-1.1335196975779227,-1.2277639166145105,0.04460874000000001,0.0,0
2026-10-06,Kyrgyzstan,KGZ,sorghum,2027,-4.855137130272169,-7.349494765150444,-9.778459273978457,1.278e-05,0.0,0
2026-10-06,Kyrgyzstan,KGZ,soybean,2027,0.20803545291969708,0.3192585103975132,0.4306050167430797,0.00275466,0.0,0
2026-10-06,Kyrgyzstan,KGZ,wheat,2026,0.9911363111940075,1.07716970810523,1.1632763960561565,0.52518014,0.0,0
2026-10-06,Timor-Leste,TLS,cassava,2027,0.7857844324154151,1.2077479307315286,1.631478078927029,0.019242732,0.0,0
2026-10-06,Timor-Leste,TLS,maize,2027,5.822526976937015,9.068046385169893,12.413104110338912,0.0762708,0.0,0
2026-10-06,Timor-Leste,TLS,rice,2027,0.016738326146525928,0.025674120076168983,0.03461071235630886,0.062352,0.0,0
2026-10-06,Timor-Leste,TLS,soybean,2027,0.409543150323155,0.540080298673673,0.6707871514822106,0.000741004,0.0,0
2026-10-06,New Zealand,NZL,maize,2027,0.9781434175993198,1.5041711381580172,2.032939106788545,0.19521739999999999,0.0,0
2026-10-06,New Zealand,NZL,wheat,2026,1.165283328775768,1.3526340812876514,1.5403317937774164,0.4137688,0.0,0
2026-10-06,Costa Rica,CRI,cassava,2026,6.1814838108794845,6.769175924075266,7.36012078913999,0.100139532,0.0,0
2026-10-06,Costa Rica,CRI,maize,2027,-2.2599671680887945,-3.445319368682364,-4.6162960897641945,0.00950794,0.0,0
2026-10-06,Costa Rica,CRI,rice,2027,2.12942968754386,2.970182185471848,3.8178559475734897,0.1271999,0.0,0
2026-10-06,Norway,NOR,wheat,2027,2.5230697500054022,3.895801241610686,5.286912906114028,0.3187,0.0,0
2026-10-06,Central African Republic,CAF,cassava,2026,1.0034505847885675,1.2441298153575977,1.4853825559571596,1.1788952,0.0,0
2026-10-06,Central African Republic,CAF,maize,2027,-1.5295876445223455,-2.3364564164373602,-3.1367136875013357,0.1897894,0.0,0
2026-10-06,Central African Republic,CAF,rice,2026,3.6180979565806344,3.9548678783857487,4.292732338524097,0.043343400000000004,0.0,0
2026-10-06,Central African Republic,CAF,sorghum,2026,11.338912469440722,11.338912469440722,11.338912469440722,0.020390806,0.0,0
2026-10-06,Finland,FIN,wheat,2027,1.3764963899129288,1.9307065305217863,2.4879464550637382,0.776246,0.0,0
2026-10-06,Libya,LBY,maize,2027,0.45183781686022334,0.6938566580047434,0.9364585956932457,0.003652816,0.0,0
2026-10-06,Libya,LBY,wheat,2027,7.452870657902699,11.655905130584854,16.023341900482446,0.132,0.0,0
2026-10-06,Guinea-Bissau,GNB,cassava,2027,4.959398130105931,7.706565523239672,10.525636231563395,0.053713333999999995,0.0,0
2026-10-06,Guinea-Bissau,GNB,maize,2026,3.306949776116941,3.5975475074986996,3.888962677026364,0.0162894,0.0,0
2026-10-06,Guinea-Bissau,GNB,rice,2026,4.594216343195123,5.372531725209462,6.156638773867117,0.209892,0.0,0
2026-10-06,Guinea-Bissau,GNB,sorghum,2026,-0.5412812036232562,-0.5878774555471367,-0.6344518772009257,0.024032,0.0,0
2026-10-06,Honduras,HND,cassava,2026,6.850505199446434,7.504019215238511,8.161530222603442,0.025657332,0.0,0
2026-10-06,Honduras,HND,maize,2026,2.317817154041779,2.317817154041779,2.317817154041779,0.668033868,0.0,0
2026-10-06,Honduras,HND,rice,2027,-1.442614601097647,-2.204120453849623,-2.9597425145201695,0.052239374,0.0,0
2026-10-06,Honduras,HND,sorghum,2026,3.8974412040807316,4.758143299177986,5.625975580427256,0.0172,0.0,0
2026-10-06,Honduras,HND,soybean,2026,-2.0412011558927468,-2.2534355022051367,-2.4652100284882295,0.002194166,0.0,0
2026-10-06,Honduras,HND,wheat,2026,0.3687652214754422,0.3687652214754422,0.3687652214754422,0.001273616,0.0,0
2026-10-06,Burundi,BDI,cassava,2026,0.08837535165906463,0.10669882080271977,0.12502564447698372,2.6969896,0.0,0
2026-10-06,Burundi,BDI,maize,2027,2.504432734236173,3.8668347539290386,5.247344666263708,0.5342526,0.0,0
2026-10-06,Burundi,BDI,rice,2027,-2.0347476679452026,-3.1038608964544467,-4.161306691173005,0.15024214,0.0,0
2026-10-06,Burundi,BDI,sorghum,2027,1.8487731565981045,2.8495699388288993,3.860200852274853,0.021204599999999997,0.0,0
2026-10-06,Burundi,BDI,soybean,2027,-4.601138666527316,-5.918833584384709,-7.218327866801833,0.00227165,0.0,0
2026-10-06,Burundi,BDI,wheat,2027,-0.46210538558705266,-0.7078949768096422,-0.9530776381449946,0.0073688,0.0,0
2026-10-06,Nicaragua,NIC,cassava,2026,9.842205502753743,10.795206901855737,11.75647663153736,0.25850133,0.0,0
2026-10-06,Nicaragua,NIC,rice,2026,-1.742461415221941,-1.8914729515051134,-2.0402585057591627,0.48813998200000003,0.0,0
2026-10-06,Nicaragua,NIC,sorghum,2026,2.7946168149533217,3.039534113511278,3.28503494927177,0.052177414000000005,0.0,0
2026-10-06,Nicaragua,NIC,soybean,2026,-1.0502959535195089,-1.3406219463858229,-1.6300961006039394,0.01,0.0,0
2026-10-06,Netherlands,NLD,maize,2026,11.774496012436074,13.77926422932603,15.819989625597984,0.162868,0.0,0
2026-10-06,Netherlands,NLD,wheat,2027,0.2336700193610928,0.3586244392796676,0.48373582983033625,1.053858,0.0,0
2026-10-06,Zambia,ZMB,wheat,2026,11.370529731975477,12.410894200278966,13.460977202107571,0.21235373999999999,0.0,0
2026-10-06,Dominican Republic,DOM,cassava,2026,-0.39627702128163245,-0.4326648193895499,-0.4690393241002733,0.18634012999999996,0.0,0
2026-10-06,Dominican Republic,DOM,maize,2027,2.2097046988158064,3.409129083687335,4.622628637440963,0.060031204000000005,0.0,0
2026-10-06,Dominican Republic,DOM,rice,2026,2.1951577308378267,2.8145875825617006,3.4377719501523347,0.9584624,0.0,0
2026-10-06,Dominican Republic,DOM,sorghum,2027,1.5513027742292795,2.3891907032658644,3.2339919476656926,0.00037772200000000004,0.0,0
2026-10-06,South Korea,KOR,maize,2026,-2.27607786207186,-2.27607786207186,-2.27607786207186,0.0890908,0.0,0
2026-10-06,South Korea,KOR,rice,2026 / 2027,0.567274311603639,0.61445828304396,0.6616653035360817,4.967268800000001,0.0,0
2026-10-06,South Korea,KOR,soybean,2026,3.114073304182185,3.114073304182185,3.114073304182185,0.11368980000000002,0.0,0
2026-10-06,South Korea,KOR,wheat,2027,0.8734571829805645,1.342833634637294,1.8144082636126426,0.0289408,0.0,0
2026-10-06,Congo,COG,cassava,2026,1.7430925183183676,2.123178682993121,2.5046847523415123,1.6004449600000001,0.0,0
2026-10-06,Congo,COG,maize,2026,-0.11387213593617718,-0.17460214569364751,-0.23529523206481384,0.0132,0.0,0
2026-10-06,Congo,COG,rice,2027,1.478469889996803,2.276580663055583,3.0809684405544546,0.001039648,0.0,0
2026-10-06,Tunisia,TUN,sorghum,2027,-0.026268551614416772,-0.040287453677956275,-0.054304389928949696,0.00122102,0.0,0
2026-10-06,Tunisia,TUN,wheat,2027,2.1332760818848047,3.2905521549055243,4.460941367547021,1.059,0.0,0
2026-10-06,Israel,ISR,maize,2027,-0.736343697601427,-1.127169947731976,-1.516457415558092,0.0643994,0.0,0
2026-10-06,Israel,ISR,sorghum,2027,2.0343525527737993,3.137145294760346,4.251857079709898,0.032092841999999996,0.0,0
2026-10-06,Israel,ISR,wheat,2027,18.483371177118133,29.710319655370544,42.0010830038541,0.1286082,0.0,0
2026-10-06,Bosnia And Herzegovina,BIH,maize,2026,3.4711261638401103,3.4711261638401103,3.4711261638401103,1.0517934,0.0,0
2026-10-06,Bosnia And Herzegovina,BIH,soybean,2026,-0.3556650169709186,-0.38631352394272733,-0.41695260407678125,0.029891,0.0,0
2026-10-06,Bosnia And Herzegovina,BIH,wheat,2027,0.7794956045690249,1.19806200585959,1.6183668345082003,0.2857768,0.0,0
2026-10-06,Benin,BEN,cassava,2026,1.7276845252499837,2.089423019294534,2.452447837103211,4.341117036,0.0,0
2026-10-06,Benin,BEN,maize,2027,0.3396061921604243,0.521354339727953,0.7034316931833651,1.699874614,0.0,0
2026-10-06,Benin,BEN,rice,2026,-7.812200192587981,-8.494274983194295,-9.171303270673814,0.47099363,0.0,0
2026-10-06,Benin,BEN,sorghum,2026,-3.265070889723176,-3.5577957670200555,-3.849634843763028,0.14320595800000002,0.0,0
2026-10-06,Benin,BEN,soybean,2026,-3.473879031865368,-3.473879031865368,-3.473879031865368,0.325871852,0.0,0
2026-10-06,Guyana,GUY,cassava,2027,10.46779159834288,13.166103891953851,15.930325797122235,0.0745502,0.0,0
2026-10-06,Guyana,GUY,maize,2027,0.09336237724248962,0.14323337657295984,0.19312922387053622,0.004,0.0,0
2026-10-06,Guyana,GUY,rice,2026,3.4720033721203913,3.4720033721203913,3.4720033721203913,0.98056,0.0,0
2026-10-06,Tajikistan,TJK,maize,2026,1.2408383763363062,1.2408383763363062,1.2408383763363062,0.2349397,0.0,0
2026-10-06,Tajikistan,TJK,rice,2026,2.724245545929116,2.976626072960497,3.2296266671443252,0.13804853999999997,0.0,0
2026-10-06,Tajikistan,TJK,sorghum,2027,2.4778301971025933,3.825492764974303,5.1908781358498635,4.6451999999999995e-05,0.0,0
2026-10-06,Tajikistan,TJK,soybean,2027,5.4828598292634645,8.53155259163918,11.668359456859712,2.0676e-05,0.0,0
2026-10-06,Tajikistan,TJK,wheat,2027,2.7636289885183407,4.269941431884305,5.798333449505977,0.8659294000000001,0.0,0
2026-10-06,Estonia,EST,wheat,2027,4.778049340294466,6.746589146287008,8.752113311047216,0.794322,0.0,0
2026-10-06,Malaysia,MYS,cassava,2026,2.9596586650058487,3.236379253808286,3.5138435735560414,0.041395985999999996,0.0,0
2026-10-06,Malaysia,MYS,maize,2027,-3.7799027687624442,-5.7387179630892575,-7.657656280589553,0.0006272666666666667,0.0,0
2026-10-06,Malaysia,MYS,rice,2027,1.646030112874479,2.3000526378163353,2.9583043768082935,2.3215487800000005,0.9221792014208721,0
2026-10-06,Latvia,LVA,wheat,2027,1.80201950816401,2.5480282909199126,3.2995038522980695,2.4229,0.0,0
2026-10-06,Saudi Arabia,SAU,maize,2027,-0.5766547229383634,-0.8831012113178383,-1.1886031584532166,0.057611502,0.0,0
2026-10-06,Saudi Arabia,SAU,rice,2026,10.00693603230547,11.969752273414457,13.967590375283478,0.0007447180000000001,0.0,0
2026-10-06,Saudi Arabia,SAU,sorghum,2026,10.206759238225604,13.228202250309629,16.33248154156901,0.1261638,0.0,0
2026-10-06,Saudi Arabia,SAU,wheat,2027,4.026805355494889,6.2422168706077965,8.504808996184776,0.7563492220000001,0.0,0
2026-10-06,Taiwan,TWN,cassava,2026,0.4905268348729175,0.5357875499455211,0.5810686503459284,0.0076048,0.0,0
2026-10-06,Taiwan,TWN,maize,2027,-0.9408842616912105,-1.4394838415495492,-1.9355737933016592,0.209175866,0.0,0
2026-10-06,Taiwan,TWN,rice,2026,3.8635836064832674,4.223665203902205,4.584995157600602,1.6277922,0.0,0
2026-10-06,Taiwan,TWN,sorghum,2027,-2.589750431097737,-3.944551044078215,-5.280508827797348,0.0026822739999999997,0.0,0
2026-10-06,Taiwan,TWN,soybean,2027,-1.712008865943837,-2.6138212385914854,-3.5073592987206132,0.004960483999999999,0.0,0
2026-10-06,Taiwan,TWN,wheat,2027,0.1995273671244746,0.30619475841999755,0.41297570247034177,0.0047662,0.0,0
2026-10-06,Croatia,HRV,maize,2026,3.720433553160895,3.720433553160895,3.720433553160895,2.12084,0.0,0
2026-10-06,Croatia,HRV,soybean,2026,2.2050866360695753,2.39773760061952,2.5907517016371835,0.22919,0.0,0
2026-10-06,Croatia,HRV,wheat,2027,-1.233368640496424,-1.885481737700179,-2.5332892158330784,0.892686,0.0,0
2026-10-06,Belarus,BLR,maize,2026,-6.382150173326839,-6.382150173326839,-6.382150173326839,1.0588328,0.0,0
2026-10-06,Belarus,BLR,wheat,2027,4.689144485477081,7.281498047250645,9.93804448233757,2.5796102000000003,0.0,0
2026-10-06,France,FRA,maize,2026,1.8607974758208492,2.16098723912627,2.4620619424116494,13.128302000000001,0.0,0
2026-10-06,France,FRA,rice,2026,-0.8398843803938405,-0.8398843803938405,-0.8398843803938405,0.070624,0.0,0
2026-10-06,France,FRA,sorghum,2026,3.301040020502821,3.301040020502821,3.301040020502821,0.350362,0.0,0
2026-10-06,France,FRA,soybean,2026,0.3052260285436306,0.33162351122429645,0.3580280696319753,0.407666,0.0,0
2026-10-06,France,FRA,wheat,2027,-0.3026309070062739,-0.4637952919350986,-0.6246991488358945,35.5947,0.0,0
2026-10-06,Greece,GRC,maize,2026,9.395132598682743,9.395132598682743,9.395132598682743,1.303912,0.0,0
2026-10-06,Greece,GRC,rice,2026,2.7440045509072197,2.9844221901739187,3.225402398921151,0.231774,0.0,0
2026-10-06,Greece,GRC,sorghum,2026,21.41513457791808,21.41513457791808,21.41513457791808,0.00749,0.0,0
2026-10-06,Greece,GRC,soybean,2026,15.170609421126425,15.170609421126425,15.170609421126425,0.001646,0.0,0
2026-10-06,Greece,GRC,wheat,2027,0.21139524349989064,0.34000337841694,0.47968277585056823,1.1491999999999998,0.0,0
2026-10-06,Republic Of Moldova,MDA,maize,2026,1.1518601379220117,1.251931070000856,1.3521010036347203,1.5623112,0.0,0
2026-10-06,Republic Of Moldova,MDA,sorghum,2026,20.488129142993582,22.442711304007943,24.429001081791935,0.0251368,0.0,0
2026-10-06,Republic Of Moldova,MDA,soybean,2026,-9.079402778476542,-9.079402778476542,-9.079402778476542,0.043779,0.0,0
2026-10-06,Republic Of Moldova,MDA,wheat,2027,7.302091231838825,10.438687471904775,13.666970983488481,1.13849316,0.0,0
2026-10-06,Sri Lanka,LKA,maize,2027,-1.4501806742983123,-2.2155969996559746,-2.9750420060591,0.30238007999999994,0.896223058079752,0
2026-10-06,Sri Lanka,LKA,rice,2027,2.171439361615124,3.3557202130899126,4.557911703250706,4.5537824,0.610042324376325,0
2026-10-06,Lithuania,LTU,wheat,2027,2.397598916386912,3.3942470618466785,4.400595703571608,4.36992,0.0,0
2026-10-06,Turkmenistan,TKM,maize,2027,-4.265821188209773,-6.467854475588352,-8.619237612112695,0.011077356,0.0,0
2026-10-06,Turkmenistan,TKM,rice,2026,35.4508083161025,39.25563406150221,43.167337714334344,0.08608382399999999,0.0,0
2026-10-06,Turkmenistan,TKM,wheat,2027,7.319774042445415,11.443848818265833,15.726403174464721,1.3569513999999998,0.0,0
2026-10-06,Uganda,UGA,cassava,2026,7.327248520811369,8.911544342138876,10.519226519532276,2.209674234,0.0,0
2026-10-06,Uganda,UGA,maize,2027,-0.014201644316502726,-0.021781426124001246,-0.02936063331897554,3.8886,0.0,0
2026-10-06,Uganda,UGA,rice,2026,1.6322161978156169,2.091175643104814,2.5522076966702167,0.29638,0.0,0
2026-10-06,Uganda,UGA,sorghum,2027,-0.6797110705958009,-1.040636568193709,-1.4002504786403969,0.22354,0.0,0
2026-10-06,Uganda,UGA,soybean,2026,4.821001049183016,5.74019175343694,6.667442975548266,0.1538,0.0,0
2026-10-06,Uganda,UGA,wheat,2026,-2.8214080012646248,-2.8214080012646248,-2.8214080012646248,0.0248,0.0,0
2026-10-06,Italy,ITA,maize,2026,1.7391758040327994,1.8932574330002168,2.0475724150314396,5.839616000000001,0.0,0
2026-10-06,Italy,ITA,rice,2026,1.2646224484499524,1.2646224484499524,1.2646224484499524,1.415004,0.0,0
2026-10-06,Italy,ITA,sorghum,2026,6.595052134558976,6.595052134558976,6.595052134558976,0.27447,0.0,0
2026-10-06,Italy,ITA,soybean,2026,-7.337043996670833,-7.936037390649759,-8.529795085554106,1.0022540000000002,0.0,0
2026-10-06,Italy,ITA,wheat,2027,1.4582948117181316,2.246381533575743,3.0412818618672715,6.850842,0.0,0
2026-10-06,DR Congo,COD,cassava,2026,0.44083561584766784,0.5362122985203222,0.6316795490535654,42.870092,0.0,0
2026-10-06,DR Congo,COD,maize,2026,0.7737598982021421,0.9901571055828784,1.2070189949543453,2.2375523999999998,0.0,0
2026-10-06,DR Congo,COD,rice,2027,-0.9940276255988256,-1.5205723873999208,-2.0443168192862515,1.5880848,0.0,0
2026-10-06,DR Congo,COD,sorghum,2026,-4.654211690702381,-5.045747456729221,-5.435675388170013,0.008541799999999999,0.0,0
2026-10-06,DR Congo,COD,soybean,2026,6.107606533494624,6.107606533494624,6.107606533494624,0.0263528,0.0,0
2026-10-06,DR Congo,COD,wheat,2027,2.534300216045682,3.913257494000244,5.310760011649406,0.009208441999999999,0.0,0
2026-10-06,Kenya,KEN,cassava,2026,3.188980558337362,3.8624362809907664,4.540287265695598,0.9438108620000001,0.0,0
2026-10-06,Kenya,KEN,maize,2026,4.692051494330074,5.134738621975443,5.579297638557801,3.6085712,0.0,0
2026-10-06,Kenya,KEN,rice,2027,5.598822261332925,8.714608167387562,11.922328070474308,0.1897676,0.0,0
2026-10-06,Kenya,KEN,sorghum,2027,-0.3265614553040086,-0.5004378973932355,-0.6740110187828384,0.2122484,0.0,0
2026-10-06,Kenya,KEN,soybean,2027,0.8814421592539866,1.355117787283744,1.8310174973228845,0.0056702179999999994,0.0,0
2026-10-06,Kenya,KEN,wheat,2026,-0.8172513409788417,-0.8915298277518913,-0.9657526869720435,0.359638,0.0,0
2026-10-06,Uruguay,URY,maize,2027,6.776823945103595,10.580247805024223,14.51915081223294,0.6985,0.0,0
2026-10-06,Uruguay,URY,rice,2027,-5.9427696999756146,-8.96898895795668,-11.89784193194061,1.29772,0.0,0
2026-10-06,Uruguay,URY,sorghum,2027,0.6804403835061423,1.0455417343689488,1.411967066293962,0.09248,0.0,0
2026-10-06,Uruguay,URY,soybean,2027,12.280419792283626,19.4415696161248,27.05945149435598,1.9898,0.0,0
2026-10-06,Uruguay,URY,wheat,2026,-8.798284532929424,-10.778657676602975,-12.716028583223226,1.01344,0.0,0
2026-10-06,North Korea,PRK,maize,2026,9.459123358078436,9.459123358078436,9.459123358078436,2.33613846,0.0,0
2026-10-06,North Korea,PRK,rice,2026,1.0745259325610323,1.0745259325610323,1.0745259325610323,2.26134638,0.0,0
2026-10-06,North Korea,PRK,sorghum,2026,-0.7050894813283803,-0.7050894813283803,-0.7050894813283803,0.036514486,0.0,0
2026-10-06,North Korea,PRK,soybean,2026,2.351885896540229,2.351885896540229,2.351885896540229,0.20876236,0.0,0
2026-10-06,North Korea,PRK,wheat,2027,-0.007486733632400266,-0.011482801188211766,-0.015478709046501393,0.08835,0.0,0
2026-10-06,Slovakia,SVK,maize,2026,12.047586782111395,14.101711176789488,16.19349302710755,1.291192,0.0,0
2026-10-06,Slovakia,SVK,sorghum,2026,-2.09664232849035,-2.2755902702405577,-2.4542111306054326,0.008994,0.0,0
2026-10-06,Slovakia,SVK,soybean,2026,7.198680088090393,7.843996886004012,8.493198375122079,0.129718,0.0,0
2026-10-06,Slovakia,SVK,wheat,2027,2.3747082837035864,3.665289076106592,4.972139500039119,2.12269,1.0001460411082166,0
2026-10-06,Burkina Faso,BFA,cassava,2026,-0.0017158531925853813,-0.0020714195140714153,-0.0024269845712576736,0.017092394,0.0,0
2026-10-06,Burkina Faso,BFA,maize,2026,12.150190537103978,13.266040244200108,14.39299221124659,1.8580288600000001,0.0,0
2026-10-06,Burkina Faso,BFA,rice,2026,0.712256513484011,0.8448888993729975,0.9776959546656583,0.444439726,0.0,0
2026-10-06,Burkina Faso,BFA,sorghum,2026,1.3678156259603338,1.5953658357021006,1.8234268495648243,1.828194962,0.0,0
2026-10-06,Burkina Faso,BFA,soybean,2026,-7.724654406818255,-7.724654406818255,-7.724654406818255,0.10773216799999999,0.0,0
2026-10-06,Philippines,PHL,cassava,2026 / 2027,2.1909540957243085,2.606516819989384,3.026716720799569,2.5829304140000002,0.0,0
2026-10-06,Philippines,PHL,maize,2027,0.38124195602116107,0.5853373558180497,0.7898477229076883,8.209039109999999,0.0,0
2026-10-06,Philippines,PHL,rice,2026 / 2027,0.9495459100712824,1.012927754811932,1.0763881455245579,19.577185672,0.0,0
2026-10-06,Philippines,PHL,sorghum,2027,-3.6642749127351326,-5.564924512435133,-7.4280753659787475,0.000591874,0.0,0
2026-10-06,Philippines,PHL,soybean,2026,0.44145299398177235,0.44145299398177235,0.44145299398177235,0.0005725019999999999,0.0,0
2026-10-06,Ghana,GHA,cassava,2026,1.453370411581667,1.7697341179356396,2.087084346415935,24.864211802,0.0,0
2026-10-06,Ghana,GHA,maize,2026,-0.8594883781431917,-0.8594883781431917,-0.8594883781431917,3.2039436,0.0,0
2026-10-06,Ghana,GHA,rice,2027,-0.8888342942624972,-1.3600411369866672,-1.8290077085259535,1.1534,0.0,0
2026-10-06,Ghana,GHA,sorghum,2026,-0.7211978224416659,-0.7867808505584329,-0.8523205548892188,0.3678998,0.0,0
2026-10-06,Egypt,EGY,maize,2026,4.0132516585589695,4.36721601356409,4.722384933974255,7.5052758,0.0,0
2026-10-06,Egypt,EGY,rice,2026,1.4411156443874917,1.4411156443874917,1.4411156443874917,4.875919,0.0,0
2026-10-06,Egypt,EGY,sorghum,2026,1.0904835168827232,1.0904835168827232,1.0904835168827232,0.8379574000000001,0.0,0
2026-10-06,Egypt,EGY,soybean,2026,11.685572841331625,11.685572841331625,11.685572841331625,0.088021,0.0,0
2026-10-06,Egypt,EGY,wheat,2027,0.12836718825244287,0.19695495224141266,0.265589698733959,9.238275190000001,0.0,0
2026-10-06,Syria,SYR,maize,2026 / 2027,-2.1463162971737364,-3.7187915418171,-5.264038790893947,0.3700831500000001,0.0,0
2026-10-06,Syria,SYR,sorghum,2026,-3.2972975357159595,-3.5928576309755873,-3.8875143826089924,0.0046412,0.0,0
2026-10-06,Syria,SYR,soybean,2027,-4.602736197658396,-6.942394089085054,-9.20458837721233,0.0034508000000000004,0.0,0
2026-10-06,Syria,SYR,wheat,2027,12.890044700254462,20.484011489916227,28.623265123215592,2.5034661559999996,0.0,0
2026-10-06,Bangladesh,BGD,rice,2026 / 2027,1.036788275638106,1.1351650483413906,1.2380677785921126,57.198135314000005,0.17785964427252865,0
2026-10-06,Bangladesh,BGD,wheat,2027,0.733715114303224,1.1275615482799761,1.5229478342653868,1.0648416,0.0,0
2026-10-06,Kazakhstan,KAZ,maize,2026,0.8753231426463338,0.8753231426463338,0.8753231426463338,1.05414349,0.0,0
2026-10-06,Kazakhstan,KAZ,rice,2026,4.918419661828288,4.918419661828288,4.918419661828288,0.507557558,0.0,0
2026-10-06,Kazakhstan,KAZ,sorghum,2026,-28.060746490873452,-28.060746490873452,-28.060746490873452,0.009142862,0.0,0
2026-10-06,Kazakhstan,KAZ,soybean,2026,0.5310085749993477,0.5310085749993477,0.5310085749993477,0.246995258,0.0,0
2026-10-06,Kazakhstan,KAZ,wheat,2026,4.819480119301135,4.819480119301135,4.819480119301135,13.207825414,0.0,0
2026-10-06,Indonesia,IDN,cassava,2026,-0.05749397146761782,-0.06940642224689016,-0.08131745282701945,17.068536999999996,0.0,0
2026-10-06,Indonesia,IDN,maize,2027,0.7055889287321149,1.0842566225979897,1.4643481621898546,15.4591138,0.0,0
2026-10-06,Indonesia,IDN,rice,2026 / 2027,1.020015003527722,1.0146853307135089,1.0094381113390423,54.47969990800001,0.0,0
2026-10-06,Indonesia,IDN,soybean,2026,0.46055801778779315,0.5091174300589252,0.5577003143927728,0.31198117399999997,0.0,0
2026-10-06,Hungary,HUN,maize,2026,8.6493286804453,10.098301109147377,11.566597367316596,6.405552,0.0,0
2026-10-06,Hungary,HUN,rice,2026,8.927234003478834,8.927234003478834,8.927234003478834,0.010154,0.0,0
2026-10-06,Hungary,HUN,sorghum,2026,6.529078063084559,7.11240064097971,7.6989173254612195,0.107524,0.0,0
2026-10-06,Hungary,HUN,soybean,2026,11.622960082298132,12.697326305947943,13.78356460228652,0.159938,0.0,0
2026-10-06,Hungary,HUN,wheat,2027,1.2139417013444567,1.8679452360496729,2.526174676951376,5.217205999999999,0.9999605152643005,0
2026-10-06,Türkiye,TUR,maize,2026,1.7509892559123053,1.7509892559123053,1.7509892559123053,7.35,0.0,0
2026-10-06,Türkiye,TUR,rice,2026,-2.118719089325183,-2.2995290558217807,-2.4800050233792614,0.966,0.0,0
2026-10-06,Türkiye,TUR,soybean,2027,0.14134936007035304,0.2168811259207093,0.29246986172093425,0.155945,0.0,0
2026-10-06,Türkiye,TUR,wheat,2026,3.7788707963296138,3.7788707963296138,3.7788707963296138,19.78,0.0,0
2026-10-06,Ethiopia,ETH,maize,2026,2.495351870441187,2.899589425231408,3.3054212767162476,11.520948362,0.0,0
2026-10-06,Ethiopia,ETH,sorghum,2026,4.036225053979404,4.695734490375281,5.35942470799875,4.760902128000001,0.0,0
2026-10-06,Ethiopia,ETH,soybean,2026,-11.390428026751854,-11.390428026751854,-11.390428026751854,0.22225547599999998,0.0,0
2026-10-06,Ethiopia,ETH,wheat,2026,4.699628302984737,5.700805900191153,6.711557137699775,5.976308786000001,0.0,0
2026-10-06,Paraguay,PRY,cassava,2027,4.941266402803547,7.09510521039194,9.293149903501742,2.9370724,0.0,0
2026-10-06,Paraguay,PRY,maize,2027,1.5376252994756312,2.063350172804035,2.591797058210421,4.9231628,0.0,0
2026-10-06,Paraguay,PRY,rice,2027,0.5671532886246666,0.871206100080335,1.1761781790018635,1.0782174,0.0,0
2026-10-06,Paraguay,PRY,sorghum,2027,-2.41657641734051,-3.6825094871554724,-4.932019823698597,0.0785528,0.0,0
2026-10-06,Paraguay,PRY,soybean,2027,3.805337711902546,5.895496489246477,8.02774138480753,9.0997248,0.0,0
2026-10-06,Paraguay,PRY,wheat,2026,5.9800982074538656,6.512890223085277,7.048360735309166,1.1060614,0.0,0
2026-10-06,Tanzania,TZA,cassava,2026,9.594534726419601,11.6951216373411,13.835970276471476,9.675375176,0.0,0
2026-10-06,Tanzania,TZA,sorghum,2027,-0.36232752203410046,-0.555194369133527,-0.7476878873525773,0.7589391999999999,0.0,0
2026-10-06,Tanzania,TZA,soybean,2027,2.106368837194217,3.2488175633838656,4.4040489309193465,0.04836061,0.0,0
2026-10-06,Canada,CAN,maize,2026,1.1666808041946817,1.255819483132883,1.3456772461575093,14.307555800000003,0.0,0
2026-10-06,Canada,CAN,soybean,2026,2.701396868209542,2.7874854833581164,2.8737804041411006,6.4502424000000005,0.0,0
2026-10-06,Canada,CAN,wheat,2026 / 2027,3.467060392619636,3.5703341490940144,3.675194492423689,31.763096399999995,0.0,0
2026-10-06,Iran,IRN,maize,2026,13.062076416336676,13.062076416336676,13.062076416336676,0.44499567000000007,0.0,0
2026-10-06,Iran,IRN,rice,2026,2.3532367813906774,2.3532367813906774,2.3532367813906774,3.82614,0.0,0
2026-10-06,Iran,IRN,soybean,2026,7.523422814642089,7.523422814642089,7.523422814642089,0.194,0.0,0
2026-10-06,Iran,IRN,wheat,2027,7.109732110937127,11.109484815335689,15.258598566401572,13.65836,0.0,0
2026-10-06,China,CHN,cassava,2026,1.3533816207013996,1.4788411081364974,1.604455894612822,5.074067832000001,0.0,0
2026-10-06,China,CHN,maize,2026 / 2027,-0.4511458032749892,-0.44702672366525237,-0.4429010180115986,272.00924,0.0,0
2026-10-06,China,CHN,rice,2026 / 2027,0.623874859254881,0.6036291572052109,0.5834735446951298,209.883,0.0,0
2026-10-06,China,CHN,sorghum,2026,2.730655258653214,2.9698864760337784,3.209674796600592,3.105756998,0.0,0
2026-10-06,China,CHN,soybean,2026,-0.9948187087308935,-0.9948187087308935,-0.9948187087308935,19.04412,0.0,0
2026-10-06,China,CHN,wheat,2027,0.8412745792072284,1.2342730411261982,1.630768922455116,135.82048,0.0,0
2026-10-06,Romania,ROU,maize,2026,22.94933906494664,22.94933906494664,22.94933906494664,11.826146,0.0,0
2026-10-06,Romania,ROU,sorghum,2026,-2.890509674271813,-3.136121230977129,-3.381111581283514,0.033014,0.0,0
2026-10-06,Romania,ROU,soybean,2026 / 2027,20.822493199791754,22.436935110924853,24.111702986693203,0.345602,0.0,0
2026-10-06,Romania,ROU,wheat,2027,1.9654671246560613,3.0303672586556862,4.106388925536719,9.086308,0.9999661028439714,0
2026-10-06,Russia,RUS,maize,2027,-6.932844274606065,-10.43455503396391,-13.804511705140698,14.852315772,0.0,0
2026-10-06,Russia,RUS,rice,2026,-1.4556606679179909,-1.4556606679179909,-1.4556606679179909,1.0619969219999998,0.0,0
2026-10-06,Russia,RUS,sorghum,2026,10.360656062809248,10.360656062809248,10.360656062809248,0.104084394,0.0,0
2026-10-06,Russia,RUS,soybean,2026,7.99975803877202,7.99975803877202,7.99975803877202,5.250122026,0.0,0
2026-10-06,Russia,RUS,wheat,2026,8.366882793153385,8.366882793153385,8.366882793153385,86.68278202,0.0,0
2026-10-06,Ukraine,UKR,maize,2026,9.31964702451822,10.16392500493133,11.01472336230882,33.099522,0.0,0
2026-10-06,Ukraine,UKR,rice,2026,1.7015166585473862,1.7015166585473862,1.7015166585473862,0.03578,0.0,0
2026-10-06,Ukraine,UKR,sorghum,2026,20.499094205257837,20.499094205257837,20.499094205257837,0.110886,0.0,0
2026-10-06,Ukraine,UKR,soybean,2026,4.886363542630812,4.886363542630812,4.886363542630812,3.635186,0.0,0
2026-10-06,Ukraine,UKR,wheat,2027,8.05682249110471,11.534615648095771,15.124341073350678,25.564068,0.0,0
2026-10-06,Argentina,ARG,cassava,2027,-3.5767494645162494,-5.044839874429219,-6.490577901076656,0.20000248,0.0,0
2026-10-06,Argentina,ARG,maize,2027,11.302381707373316,17.89929137945118,24.923248495396916,55.24578940000001,0.0,345
2026-10-06,Argentina,ARG,rice,2027,-4.2766020078853595,-6.467923938657636,-8.598358963746753,1.2503195999999999,0.0,0
2026-10-06,Argentina,ARG,sorghum,2027,5.777346823977259,9.000392687705494,12.324339746723222,2.2488186,0.0,0
2026-10-06,Argentina,ARG,soybean,2027,4.507035000203623,7.022950397661588,9.618928133246667,43.83365059999999,0.0,0
2026-10-06,Argentina,ARG,wheat,2026 / 2027,-3.593082440632264,-4.423760293134912,-5.246979676945204,17.596104,0.010999934985608176,0
2026-10-06,United States,USA,maize,2026 / 2027,4.397476608736359,5.023726830638799,5.654332878588979,364.462544,0.0,0
2026-10-06,United States,USA,rice,2026 / 2027,0.4742667139235189,0.49151907474225237,0.5087822855481561,8.908572,0.0,0
2026-10-06,United States,USA,sorghum,2026,3.6289624837037953,4.04729348068995,4.467679431955386,8.47261,0.012000552368160463,0
2026-10-06,United States,USA,soybean,2026,3.1727711725293313,3.702516050331846,4.235065121668193,112.482596,0.10500037712500875,0
2026-10-06,United States,USA,wheat,2026 / 2027,0.9528989974945162,1.3220280672163742,1.6960520343291243,48.269504,0.0,0
