issue,response_model,iso3,country,crop,lower_enso_pct,central_enso_pct,higher_enso_pct,production_mt,local_share,uncertain_share,calendar_review_units
2026-10-06,regional-v1,IND,India,cassava,-3.477814554781351,-3.7734303233042827,-4.0650910054696565,6.024674929904152,0.968549917564812,0.9434794644615462,0
2026-10-06,regional-v1,IND,India,maize,-4.54400534110383,-5.672910261470814,-6.7192324575385305,32.55472208328522,0.7982744120254777,0.8212037145949006,0
2026-10-06,regional-v1,IND,India,rice,-2.297319908675684,-2.702130189318999,-3.078771088771901,190.848543676,0.9073708111518174,0.8780800196778688,0
2026-10-06,regional-v1,IND,India,sorghum,-12.408471482009647,-17.060995169738025,-21.19785267074504,4.156766740067829,0.9014369935588461,0.5829838434975759,0
2026-10-06,regional-v1,IND,India,soybean,-21.759291361975055,-23.575205653441287,-25.31653565505819,12.915625561615142,0.9528403269033664,0.738408066251477,0
2026-10-06,regional-v1,IND,India,wheat,-2.2374894014625863,-3.2962627091084777,-4.259929919556088,107.86774304496551,0.999919511285257,0.8081676415058275,0
2026-10-06,regional-v1,BRA,Brazil,cassava,-0.6669548611017073,-0.9166387946465879,-1.1030129474133028,18.0513836,0.9088369353285216,0.9290204763401961,0
2026-10-06,regional-v1,BRA,Brazil,maize,-3.57669798624721,-4.521520874479192,-4.9260633080330996,107.0162256,0.9867561047725943,0.8842617050987189,1120
2026-10-06,regional-v1,BRA,Brazil,rice,-1.9739069683876793,-1.9526519835220515,-1.8136485732436567,10.8359816,0.967984255694934,0.9326661800164001,0
2026-10-06,regional-v1,BRA,Brazil,sorghum,1.0333444124615836,1.8832632221327459,2.9433621109137404,3.0738534,0.4590915586562514,0.8899141138608226,0
2026-10-06,regional-v1,BRA,Brazil,soybean,-0.43191315402583236,-0.5457374699915266,-0.5800577691801132,128.8742596,0.8106386980104364,0.8906779208528227,1693
2026-10-06,regional-v1,BRA,Brazil,wheat,-6.36799387071296,-7.0999996973542725,-7.800634525710908,7.577335399999999,0.6256233781715258,0.8487176648530917,0
2026-10-06,regional-v1,AUS,Australia,maize,-2.39325327,-3.64719864,-4.88503468,0.34338311799999993,0.0,1.0,0
2026-10-06,regional-v1,AUS,Australia,rice,2.28323331,3.52325141,4.77830272,0.345623338,0.0,1.0,0
2026-10-06,regional-v1,AUS,Australia,sorghum,-11.954029789999998,-17.738561,-23.143054370000005,1.634252318,0.0,0.0,0
2026-10-06,regional-v1,AUS,Australia,soybean,-4.53374593,-6.86904086,-9.14720982,0.0363756,0.0,1.0,0
2026-10-06,regional-v1,AUS,Australia,wheat,-16.833867497532246,-19.307849301942053,-21.701309973551833,30.373632874000005,0.9999740616572517,0.0035194699146938796,0
2026-10-06,regional-v1,ZAF,South Africa,maize,-18.51733356,-26.95452868,-34.51808694,15.176545,0.0,0.0,0
2026-10-06,regional-v1,ZAF,South Africa,rice,-0.31671079,-0.48535507,-0.6537140300000001,0.0030808180000000004,0.0,1.0,0
2026-10-06,regional-v1,ZAF,South Africa,sorghum,-15.287329460000002,-22.46667967,-29.037584069999998,0.1395,0.0,0.0,0
2026-10-06,regional-v1,ZAF,South Africa,soybean,-9.99284205,-14.91149783,-19.56136194,1.862569,0.0,0.0,0
2026-10-06,regional-v1,ZAF,South Africa,wheat,-4.69232714,-5.08698303,-5.4800047,2.02,0.0,1.0,0
2026-10-06,regional-v1,KHM,Cambodia,cassava,-13.76028427,-14.927170259999999,-16.07826744,13.66562375,0.0,1.0,0
2026-10-06,regional-v1,KHM,Cambodia,maize,-9.1267528,-9.87455099,-10.61619552,1.034,0.0,1.0,0
2026-10-06,regional-v1,KHM,Cambodia,rice,-6.206596614917292,-7.598336481091605,-8.957863317231551,11.813360000000001,1.0,1.0,0
2026-10-06,regional-v1,KHM,Cambodia,soybean,12.95642797,12.95642797,12.95642797,0.04822,0.0,1.0,0
2026-10-06,regional-v1,MWI,Malawi,cassava,-13.87326362,-19.12471506,-24.05596695,6.0113818,0.0,1.0,0
2026-10-06,regional-v1,MWI,Malawi,maize,-7.05581642,-10.61600701,-14.0398259,3.7782212000000004,0.0,0.0,0
2026-10-06,regional-v1,MWI,Malawi,rice,-5.59019914,-8.44509742,-11.21366521,0.13871129999999998,0.0,0.0,0
2026-10-06,regional-v1,MWI,Malawi,sorghum,-6.45954869,-9.73498816,-12.89573389,0.1272172,0.0,0.0,0
2026-10-06,regional-v1,MWI,Malawi,wheat,-2.55311615,-3.8891379,-5.20684246,0.0003836,0.0,1.0,0
2026-10-06,regional-v1,AGO,Angola,cassava,-6.857035389999999,-9.60280134,-12.26762472,10.0495562,0.0,1.0,0
2026-10-06,regional-v1,AGO,Angola,maize,-2.9884917999999994,-4.5469688,-6.08040907,3.0131338,0.0,1.0,0
2026-10-06,regional-v1,AGO,Angola,rice,6.53668036,10.19902855,13.9872751,0.016315200000000002,0.0,1.0,0
2026-10-06,regional-v1,AGO,Angola,wheat,5.46179929,5.94713075,6.43469568,0.009661058,0.0,1.0,0
2026-10-06,regional-v1,PAK,Pakistan,maize,-7.64090961,-8.30871351,-8.97168885,9.414270400000001,0.0,1.0,0
2026-10-06,regional-v1,PAK,Pakistan,rice,-1.07693209,-1.25356148,-1.42987548,12.701188,0.0,1.0,0
2026-10-06,regional-v1,PAK,Pakistan,sorghum,-3.81714431,-4.21002279,-4.60129646,0.07355139999999999,0.0,0.0,0
2026-10-06,regional-v1,PAK,Pakistan,soybean,4.07819462,4.45870352,4.84060356,5.6e-05,0.0,1.0,0
2026-10-06,regional-v1,PAK,Pakistan,wheat,0.35310379,0.54209498,0.73144209,26.285954800000003,0.0,1.0,0
2026-10-06,regional-v1,MOZ,Mozambique,cassava,-3.4761711499999994,-4.68130632,-5.87139494,6.468210200000001,0.0,1.0,0
2026-10-06,regional-v1,MOZ,Mozambique,maize,-14.82447855,-21.81598451,-28.23360309,1.8831096,0.0,1.0,0
2026-10-06,regional-v1,MOZ,Mozambique,rice,-10.97104009,-16.3257312,-21.35836175,0.1941382,0.0,1.0,0
2026-10-06,regional-v1,MOZ,Mozambique,sorghum,-2.17235737,-3.31254277,-4.43943926,0.15017439999999999,0.0,1.0,0
2026-10-06,regional-v1,MOZ,Mozambique,wheat,-2.9740469,-3.22663812,-3.47857176,0.016,0.0,1.0,0
2026-10-06,regional-v1,MAR,Morocco,maize,-1.43616807,-2.19430909,-2.94661859,0.033126699999999995,0.0,1.0,0
2026-10-06,regional-v1,MAR,Morocco,rice,0.74749707,0.8714077,0.99547072,0.057306159999999995,0.0,1.0,0
2026-10-06,regional-v1,MAR,Morocco,sorghum,-10.14370958,-15.13015281,-19.83988067,0.005048769999999999,0.0,0.0,0
2026-10-06,regional-v1,MAR,Morocco,soybean,0.00976484,0.01497754,0.02019051,0.001,0.0,1.0,0
2026-10-06,regional-v1,MAR,Morocco,wheat,-8.89442271,-13.31364893,-17.51851329,4.1994343160000005,0.0,1.0,0
2026-10-06,regional-v1,NPL,Nepal,maize,-4.13693177,-4.13693177,-4.13693177,2.913907408,0.0,1.0,0
2026-10-06,regional-v1,NPL,Nepal,rice,-5.81844968,-5.81844968,-5.81844968,5.5027838,0.0,0.0,0
2026-10-06,regional-v1,NPL,Nepal,soybean,-2.46917885,-2.67948522,-2.8893381,0.033713721999999995,0.0,1.0,0
2026-10-06,regional-v1,NPL,Nepal,wheat,-1.5420857,-2.35546801,-3.1621308,2.1122520320000002,0.0,1.0,0
2026-10-06,regional-v1,ESP,Spain,maize,1.5887269426489037,1.8483868280598765,2.1097074643409264,3.884368,1.0,1.0,0
2026-10-06,regional-v1,ESP,Spain,rice,-2.84640391806631,-2.84640391806631,-2.84640391806631,0.563942,0.9758439373197955,1.0,0
2026-10-06,regional-v1,ESP,Spain,sorghum,1.39934392,1.39934392,1.39934392,0.022026,0.0,1.0,0
2026-10-06,regional-v1,ESP,Spain,wheat,-8.683908110925335,-12.82809835998806,-16.664750806038192,6.661468,1.0,0.7677101469410689,0
2026-10-06,regional-v1,LAO,Laos,cassava,-10.08977933,-10.96548196,-11.83265547,4.107005258,0.0,1.0,0
2026-10-06,regional-v1,LAO,Laos,maize,-3.17413398,-3.44341541,-3.7119479499999994,0.58676,0.0,1.0,0
2026-10-06,regional-v1,LAO,Laos,soybean,-7.49448556,-7.49448556,-7.49448556,0.00622114,0.0,1.0,0
2026-10-06,regional-v1,DEU,Germany,maize,0.41227298416896435,0.45188077130915033,0.4916442598447851,4.0967,0.05822406856454101,1.0,0
2026-10-06,regional-v1,DEU,Germany,soybean,-1.7757796,-1.92761239,-2.07921047,0.10614,0.0,1.0,0
2026-10-06,regional-v1,DEU,Germany,wheat,-1.553227433026846,-2.369777415771959,-3.177755170697202,22.16341999999999,0.05900176190768393,0.9436719063213168,0
2026-10-06,regional-v1,VNM,Vietnam,cassava,4.107872041262097,4.4997764789135335,4.894108162447728,10.462137190000004,1.0,1.0,0
2026-10-06,regional-v1,VNM,Vietnam,maize,-0.009296806959990064,-0.01425784289286918,-0.01921787304334175,4.519441992000001,1.0,1.0,0
2026-10-06,regional-v1,VNM,Vietnam,rice,-0.10808726344915799,-0.46704256224097845,-0.8139261123754616,43.254327790000005,1.0,0.9878467161377841,0
2026-10-06,regional-v1,UZB,Uzbekistan,maize,-3.00729258,-4.57534041,-6.11803815,0.5848916040000001,0.0,1.0,0
2026-10-06,regional-v1,UZB,Uzbekistan,rice,3.0366656,3.31845398,3.60101301,0.33143151,0.0,1.0,0
2026-10-06,regional-v1,UZB,Uzbekistan,sorghum,0.27233637,0.41800859,0.56389243,0.018033636,0.0,1.0,0
2026-10-06,regional-v1,UZB,Uzbekistan,wheat,-2.6558566899999994,-4.04451545,-5.41336436,6.195524634000001,0.0,1.0,0
2026-10-06,regional-v1,ZWE,Zimbabwe,cassava,-0.15336078,-0.23512597,-0.31682421,0.255935292,0.0,1.0,0
2026-10-06,regional-v1,ZWE,Zimbabwe,maize,-15.38132446,-22.59859044,-29.20028393,1.0672042579999999,0.0,0.0,0
2026-10-06,regional-v1,ZWE,Zimbabwe,rice,-0.77851248,-1.19158579,-1.60293941,0.0010624,0.0,1.0,0
2026-10-06,regional-v1,ZWE,Zimbabwe,sorghum,-11.00490983,-16.37455061,-21.42020675,0.09967143399999999,0.0,0.0,0
2026-10-06,regional-v1,ZWE,Zimbabwe,soybean,-6.89122788,-10.373118810000001,-13.72480113,0.05245764399999999,0.0,1.0,0
2026-10-06,regional-v1,ZWE,Zimbabwe,wheat,0.70389679,0.76490266,0.82594549,0.27208540000000003,0.0,1.0,0
2026-10-06,regional-v1,CMR,Cameroon,cassava,-4.14271345,-4.80977443,-5.47219341,6.018391286,0.0,1.0,0
2026-10-06,regional-v1,CMR,Cameroon,maize,1.27163822,1.95702459,2.64704951,2.1610343999999997,0.0,1.0,0
2026-10-06,regional-v1,CMR,Cameroon,rice,3.8852212699999997,4.62208834,5.36418208,0.316498228,0.0,1.0,0
2026-10-06,regional-v1,CMR,Cameroon,sorghum,-1.4107414,-1.55794582,-1.7049304500000002,1.187854,0.0,1.0,0
2026-10-06,regional-v1,CMR,Cameroon,soybean,-2.58232154,-2.81472976,-3.0465835300000004,0.09606578199999999,0.0,1.0,0
2026-10-06,regional-v1,CMR,Cameroon,wheat,3.4076193699999995,5.2738364,7.173733419999999,0.000602718,0.0,1.0,0
2026-10-06,regional-v1,MEX,Mexico,cassava,-4.88238783,-5.31952352,-5.75465024,0.025658298000000003,0.0,1.0,0
2026-10-06,regional-v1,MEX,Mexico,maize,-0.8531449604525982,-1.009523741394766,-1.0715120323709237,27.251880924,0.3433963265196888,0.8694097821777848,0
2026-10-06,regional-v1,MEX,Mexico,rice,0.9790887,1.50562856,2.03491397,0.259202804,0.0,1.0,0
2026-10-06,regional-v1,MEX,Mexico,sorghum,0.56906777,0.8741514000000001,1.18016052,4.601120878000001,0.0,1.0,0
2026-10-06,regional-v1,MEX,Mexico,soybean,4.528183760000001,4.92863045,5.330611260000001,0.22832169,0.0,1.0,0
2026-10-06,regional-v1,MEX,Mexico,wheat,0.14532351104753022,-0.29018652953352,-0.6988577815788558,3.3202478299999996,0.055997139339564295,0.8033535923204549,0
2026-10-06,regional-v1,RWA,Rwanda,cassava,-15.6200532,-15.6200532,-15.6200532,1.300360236,0.0,1.0,0
2026-10-06,regional-v1,RWA,Rwanda,maize,-0.77645488,-1.18844299,-1.59872047,0.46390936399999994,0.0,1.0,0
2026-10-06,regional-v1,RWA,Rwanda,rice,-1.9568304000000003,-2.98563179,-4.0036376,0.129708422,0.0,1.0,0
2026-10-06,regional-v1,RWA,Rwanda,sorghum,-1.69808135,-2.59265464,-3.47908708,0.177326466,0.0,1.0,0
2026-10-06,regional-v1,RWA,Rwanda,soybean,1.13510521,1.74627108,2.36113027,0.027762954000000006,0.0,1.0,0
2026-10-06,regional-v1,RWA,Rwanda,wheat,-1.77251598,-2.32717597,-2.87870396,0.014542973999999998,0.0,1.0,0
2026-10-06,regional-v1,NGA,Nigeria,sorghum,-1.59263111,-1.73676276,-1.8806833,6.637894,0.0,1.0,0
2026-10-06,regional-v1,NGA,Nigeria,soybean,-7.11484216,-7.73862111,-8.35821103,1.259368,0.0,1.0,0
2026-10-06,regional-v1,NGA,Nigeria,wheat,0.50146848,0.54737578,0.59330406,0.051817298,0.0,1.0,0
2026-10-06,regional-v1,GBR,United Kingdom,wheat,-0.9921003770041763,-1.516335601926983,-2.036891410544064,13.878200000000001,1.0,1.0,0
2026-10-06,regional-v1,CIV,Côte d'Ivoire,cassava,-0.49631126,-0.62896611,-0.76144411,6.735101,0.0,1.0,0
2026-10-06,regional-v1,CIV,Côte d'Ivoire,maize,-0.641474,-0.9821962900000001,-1.32175017,1.2066553999999998,0.0,1.0,0
2026-10-06,regional-v1,CIV,Côte d'Ivoire,rice,-8.58546884,-8.58546884,-8.58546884,1.7478304,0.0,0.0,0
2026-10-06,regional-v1,CIV,Côte d'Ivoire,sorghum,-1.32350407,-1.44345899,-1.56326808,0.0698348,0.0,1.0,0
2026-10-06,regional-v1,CIV,Côte d'Ivoire,soybean,-8.73974362,-10.27435333,-11.78315742,0.0005733880000000001,0.0,1.0,0
2026-10-06,regional-v1,SEN,Senegal,cassava,-13.447332029999998,-15.99922022,-18.47586944,1.28212901,0.0,1.0,0
2026-10-06,regional-v1,SEN,Senegal,maize,0.91737465,1.01434154,1.11140161,0.7379983680000001,0.0,1.0,0
2026-10-06,regional-v1,SEN,Senegal,rice,0.38479753,0.59080197,0.79722917,1.3632786439999998,0.0,1.0,0
2026-10-06,regional-v1,SEN,Senegal,sorghum,-3.9940602,-4.4047272,-4.81363756,0.34554130200000005,0.0,1.0,0
2026-10-06,regional-v1,PER,Peru,cassava,-1.5829226499999998,-2.24218215,-2.89702551,1.376648082,0.0,1.0,0
2026-10-06,regional-v1,PER,Peru,maize,-2.38579164,-3.63590091,-4.87000049,1.5723222280000002,0.0,1.0,0
2026-10-06,regional-v1,PER,Peru,rice,-2.05065174,-3.12798704,-4.19347284,3.38273311,0.0,0.0,0
2026-10-06,regional-v1,PER,Peru,sorghum,1.60098728,1.74842222,1.8960711100000003,0.000118554,0.0,1.0,0
2026-10-06,regional-v1,PER,Peru,soybean,0.15479084,0.23751374,0.32030497,0.001820098,0.0,1.0,0
2026-10-06,regional-v1,PER,Peru,wheat,-0.3956685,-0.60622867,-0.81634372,0.19695692199999998,0.0,1.0,0
2026-10-06,regional-v1,DZA,Algeria,maize,-0.05458888,-0.08371534,-0.11283330999999999,0.010216,0.0,1.0,0
2026-10-06,regional-v1,DZA,Algeria,rice,4.12257313,4.12257313,4.12257313,0.00031167600000000004,0.0,1.0,0
2026-10-06,regional-v1,DZA,Algeria,sorghum,4.30304109,6.67523235,9.10137497,0.0006361899999999999,0.0,1.0,0
2026-10-06,regional-v1,DZA,Algeria,wheat,-4.06265521,-6.16323699,-8.21782579,2.9304032,0.0,1.0,0
2026-10-06,regional-v1,MLI,Mali,cassava,-1.17834752,-1.42078994,-1.66263757,0.12205402800000001,0.0,1.0,0
2026-10-06,regional-v1,MLI,Mali,maize,-3.85542374,-4.47731457,-5.095182820000001,3.6456058,0.0,1.0,0
2026-10-06,regional-v1,MLI,Mali,rice,-0.62916232,-0.96337696,-1.29646754,2.9030443999999997,0.0,1.0,0
2026-10-06,regional-v1,MLI,Mali,sorghum,0.81740209,0.9529553800000001,1.08869094,1.5409723999999998,0.0,1.0,0
2026-10-06,regional-v1,MLI,Mali,soybean,2.06873053,2.24933793,2.4302649,0.016965,0.0,1.0,0
2026-10-06,regional-v1,MLI,Mali,wheat,-1.38822327,-2.1213283,-2.84898324,0.027678400000000002,0.0,1.0,0
2026-10-06,regional-v1,SLE,Sierra Leone,cassava,-2.3761876,-3.6213586499999995,-4.85064782,2.233427396,0.0,1.0,0
2026-10-06,regional-v1,SLE,Sierra Leone,maize,-15.653526190000001,-16.95430676,-18.23502687,0.02741453,0.0,0.0,0
2026-10-06,regional-v1,SLE,Sierra Leone,rice,-4.09937559,-4.96164217,-5.8161559,1.337712834,0.0,1.0,0
2026-10-06,regional-v1,SLE,Sierra Leone,sorghum,-2.46528638,-2.67526578,-2.88479312,0.0594316,0.0,1.0,0
2026-10-06,regional-v1,MMR,Myanmar,cassava,-0.4707471100000001,-0.51128705,-0.55181047,0.31421562199999997,0.0,1.0,0
2026-10-06,regional-v1,MMR,Myanmar,maize,0.44601676,0.68490704,0.9243654699999999,2.1671876,0.0,1.0,0
2026-10-06,regional-v1,MMR,Myanmar,rice,0.563124720850446,0.723573062914947,0.8862635192973918,26.83248,1.0,1.0,0
2026-10-06,regional-v1,MMR,Myanmar,sorghum,0.8228334799999999,0.9530572800000001,1.08344928,0.16519250400000002,0.0,1.0,0
2026-10-06,regional-v1,MMR,Myanmar,soybean,0.54959676,0.84419802,1.13966244,0.136332,0.0,1.0,0
2026-10-06,regional-v1,MMR,Myanmar,wheat,-0.88552843,-1.3549947100000002,-1.8222373199999997,0.09849,0.0,1.0,0
2026-10-06,regional-v1,NER,Niger,cassava,0.9880173700000001,1.51939493,2.0535685,0.686971694,0.0,1.0,0
2026-10-06,regional-v1,NER,Niger,maize,7.13317001,7.80921962,8.48953534,0.027898006,0.0,1.0,0
2026-10-06,regional-v1,NER,Niger,rice,1.10144205,1.69433168,2.29069819,0.13155487400000002,0.0,1.0,0
2026-10-06,regional-v1,NER,Niger,sorghum,-7.2337291399999994,-7.96340227,-8.68733599,1.807762954,0.0,1.0,0
2026-10-06,regional-v1,NER,Niger,wheat,3.6386611099999997,5.63481488,7.66941598,0.005628526,0.0,1.0,0
2026-10-06,regional-v1,MDG,Madagascar,cassava,-0.66447617,-1.01735349,-1.36897726,2.6209328,0.0,1.0,0
2026-10-06,regional-v1,MDG,Madagascar,maize,-2.92966998,-4.45818384,-5.96262903,0.24222095600000002,0.0,1.0,0
2026-10-06,regional-v1,MDG,Madagascar,rice,-1.41719718,-1.54557721,-1.67379005,4.5401625999999995,0.0,1.0,0
2026-10-06,regional-v1,MDG,Madagascar,sorghum,-2.23409165,-3.4061104600000003,-4.5640791,0.0013777799999999999,0.0,1.0,0
2026-10-06,regional-v1,MDG,Madagascar,soybean,-4.4691555,-6.7723790500000005,-9.0200725,4.7748000000000004e-05,0.0,1.0,0
2026-10-06,regional-v1,MDG,Madagascar,wheat,3.57429417,4.14882797,4.72654875,0.002,0.0,1.0,0
2026-10-06,regional-v1,BOL,Bolivia,cassava,0.3369956080701864,0.46224519419126175,0.5934539921746184,0.21536374800000002,1.0,1.0,0
2026-10-06,regional-v1,BOL,Bolivia,maize,-1.3753253821501372,-2.0695253500282362,-2.7372580411192278,1.0590846,1.0,1.0,0
2026-10-06,regional-v1,BOL,Bolivia,rice,0.001813161810667233,0.03859747686786994,0.09978178238600212,0.588975352,1.0,0.9908470709638199,0
2026-10-06,regional-v1,BOL,Bolivia,sorghum,2.65460985,4.1003267,5.56640403,0.9552175799141351,1.0,1.0,0
2026-10-06,regional-v1,BOL,Bolivia,soybean,0.855743216786073,1.319588493417652,1.7883855834371738,3.2531955379999995,0.9736233322289772,1.0,0
2026-10-06,regional-v1,BOL,Bolivia,wheat,1.9031143869330398,3.079754317529837,4.370096352919185,0.29381431599999996,0.9799539019058553,0.6819795026597684,0
2026-10-06,regional-v1,SLV,El Salvador,cassava,3.35007692,3.66394554,3.97876736,0.028820424,0.0,1.0,0
2026-10-06,regional-v1,SLV,El Salvador,maize,-11.28249197,-12.19474813,-13.097623839999999,0.7904956580000001,0.0,0.0,0
2026-10-06,regional-v1,SLV,El Salvador,rice,-0.3148349,-0.48248271,-0.64984858,0.019150079999999996,0.0,1.0,0
2026-10-06,regional-v1,SLV,El Salvador,sorghum,2.82432752,3.61317899,4.4080824,0.103225774,0.0,1.0,0
2026-10-06,regional-v1,SLV,El Salvador,soybean,2.442639,2.70297072,2.96396401,0.0053951319999999995,0.0,1.0,0
2026-10-06,regional-v1,TCD,Chad,cassava,-2.93591338,-3.94049642,-4.93468234,0.292912104,0.0,1.0,0
2026-10-06,regional-v1,TCD,Chad,maize,-8.60250157,-9.4630585,-10.31551281,0.380966826,0.0,1.0,0
2026-10-06,regional-v1,TCD,Chad,rice,-4.18271789,-4.85605569,-5.52466173,0.25343591,0.0,1.0,0
2026-10-06,regional-v1,TCD,Chad,sorghum,-2.02488926,-2.235447,-2.44555224,0.936525328,0.0,1.0,0
2026-10-06,regional-v1,TCD,Chad,wheat,1.01707088,1.20680322,1.39689193,0.001514306,0.0,1.0,0
2026-10-06,regional-v1,MNG,Mongolia,wheat,-15.58331925,-15.58331925,-15.58331925,0.445827196,0.0,1.0,0
2026-10-06,regional-v1,GTM,Guatemala,cassava,6.69609857,7.334383550000001,7.97648693,0.0026278,0.0,1.0,0
2026-10-06,regional-v1,GTM,Guatemala,maize,-2.4699202,-2.68028883,-2.89020371,2.007973,0.0,1.0,0
2026-10-06,regional-v1,GTM,Guatemala,rice,-4.47949717,-5.16655427,-5.8486695200000005,0.0299154,0.0,1.0,0
2026-10-06,regional-v1,GTM,Guatemala,sorghum,1.3611279799999998,1.47951218,1.59803465,0.047315,0.0,1.0,0
2026-10-06,regional-v1,GTM,Guatemala,soybean,-3.90505234,-4.25388103,-4.60144346,0.0416,0.0,1.0,0
2026-10-06,regional-v1,GTM,Guatemala,wheat,-0.96688706,-1.0499277600000003,-1.13289883,0.000465418,0.0,1.0,0
2026-10-06,regional-v1,PRT,Portugal,maize,-4.195438129057059,-4.87455536790113,-5.548666482554134,0.734982,0.23789440476093288,1.0,0
2026-10-06,regional-v1,PRT,Portugal,rice,0.9924784299999999,0.9924784299999999,0.9924784299999999,0.160918,0.0,1.0,0
2026-10-06,regional-v1,PRT,Portugal,wheat,-17.878121982438934,-25.930546454822654,-33.099471058018935,0.06532,0.2378944041061017,0.20150007164497846,0
2026-10-06,regional-v1,BEL,Belgium,maize,-1.4302234916427259,-1.6506675943750586,-1.8694786792073919,0.46360000000000007,0.856300676691911,1.0,0
2026-10-06,regional-v1,BEL,Belgium,wheat,-1.7798699414117964,-2.7153875358841786,-3.640927007201546,1.783216,0.8563096304254438,1.0,0
2026-10-06,regional-v1,THA,Thailand,cassava,0.6159059626660847,0.674413167898619,0.7332308718838557,31.971632800000002,0.999163517754396,1.0,0
2026-10-06,regional-v1,THA,Thailand,maize,2.37348206,3.6633846100000005,4.96953989,4.7375342,0.0,0.0,0
2026-10-06,regional-v1,THA,Thailand,rice,-0.8256830947544984,-0.9649682731357127,-1.1012858666028633,32.212712792,0.9999985033207133,0.9564174893170987,0
2026-10-06,regional-v1,THA,Thailand,sorghum,-3.5333039799999995,-3.84959479,-4.16484855,0.0475906,0.0,1.0,0
2026-10-06,regional-v1,THA,Thailand,soybean,-1.431962367042694,-1.71868939940458,-2.000918580698434,0.021583,0.9985407496640875,0.9618309827178798,0
2026-10-06,regional-v1,THA,Thailand,wheat,-0.51083617,-0.51083617,-0.51083617,0.001321238,0.0,1.0,0
2026-10-06,regional-v1,SWE,Sweden,wheat,-1.2579671251340399,-1.9194499723146725,-2.5740132021384423,3.1431600000000004,0.0,1.0,0
2026-10-06,regional-v1,CUB,Cuba,cassava,-4.99511725,-5.44205426,-5.88688872,0.742835542,0.0,1.0,0
2026-10-06,regional-v1,CUB,Cuba,maize,-1.3190405900000002,-1.56171511,-1.80379285,0.223982094,0.0,1.0,0
2026-10-06,regional-v1,CUB,Cuba,rice,-0.81692123,-1.25024519,-1.68167598,0.21736022000000002,0.0,1.0,0
2026-10-06,regional-v1,CUB,Cuba,sorghum,-8.08781334,-8.08781334,-8.08781334,0.0029758519999999998,0.0,1.0,0
2026-10-06,regional-v1,CHE,Switzerland,maize,-4.47696268,-4.47696268,-4.47696268,0.15063320000000002,0.0,1.0,0
2026-10-06,regional-v1,CHE,Switzerland,soybean,-2.99841232,-3.25303804,-3.50699538,0.0059106,0.0,1.0,0
2026-10-06,regional-v1,CHE,Switzerland,wheat,-3.67977775,-5.58823238,-7.45887357,0.483877,0.0,1.0,0
2026-10-06,regional-v1,ERI,Eritrea,maize,-19.46502715,-22.63385792,-25.678003869999998,0.02,0.0,1.0,0
2026-10-06,regional-v1,ERI,Eritrea,sorghum,-11.16396984,-13.63572797,-16.03871234,0.14,0.0,1.0,0
2026-10-06,regional-v1,ERI,Eritrea,wheat,-23.522921309999997,-28.258881230000004,-32.7015596,0.025,0.0,1.0,0
2026-10-06,regional-v1,IRL,Ireland,wheat,-3.976058480611532,-6.032546471524312,-8.044481006813843,0.5545420000000001,1.0,0.2024872835601271,0
2026-10-06,regional-v1,IRQ,Iraq,maize,-0.07263748,-0.07263748,-0.07263748,0.46021259999999997,0.0,1.0,0
2026-10-06,regional-v1,IRQ,Iraq,rice,1.49573834,1.65433768,1.81318484,0.2971132,0.0,1.0,0
2026-10-06,regional-v1,IRQ,Iraq,sorghum,2.73391584,4.22370344,5.73509507,0.0024776,0.0,1.0,0
2026-10-06,regional-v1,IRQ,Iraq,soybean,4.88213882,4.88213882,4.88213882,3.4098e-05,0.0,1.0,0
2026-10-06,regional-v1,IRQ,Iraq,wheat,-0.49950875,-0.76511625,-1.03001473,4.365599400000001,0.0,1.0,0
2026-10-06,regional-v1,AZE,Azerbaijan,maize,0.55508726,0.85264406,1.15108137,0.28678634,0.0,1.0,0
2026-10-06,regional-v1,AZE,Azerbaijan,rice,-2.6511538,-2.92585497,-3.1997809900000003,0.0110435,0.0,1.0,0
2026-10-06,regional-v1,AZE,Azerbaijan,wheat,-0.94276141,-1.44234848,-1.9394159200000003,1.85064854,0.0,1.0,0
2026-10-06,regional-v1,AFG,Afghanistan,maize,-0.42785334,-0.65548465,-0.88259558,0.27895220000000004,0.0,1.0,0
2026-10-06,regional-v1,AFG,Afghanistan,rice,-3.6820761100000006,-3.9987017199999997,-4.31428648,0.60752,0.0,1.0,0
2026-10-06,regional-v1,AFG,Afghanistan,wheat,0.13275699,0.20369265,0.27467856,4.4492427999999995,0.0,1.0,0
2026-10-06,regional-v1,PAN,Panama,cassava,-2.52575465,-3.04112403,-3.55376852,0.027126466000000005,0.0,1.0,0
2026-10-06,regional-v1,PAN,Panama,maize,1.60337548,2.46972898,3.34346972,0.116615,0.0,1.0,0
2026-10-06,regional-v1,PAN,Panama,rice,-4.66868376,-4.66868376,-4.66868376,0.3976924,0.0,1.0,0
2026-10-06,regional-v1,PAN,Panama,sorghum,3.22475983,4.98844256,6.78225931,0.0025038,0.0,1.0,0
2026-10-06,regional-v1,PAN,Panama,soybean,-0.55811921,-0.77443798,-0.99028619,9.7676e-05,0.0,1.0,0
2026-10-06,regional-v1,TGO,Togo,cassava,-2.32175845,-2.79610343,-3.26814489,1.189962988,0.0,1.0,0
2026-10-06,regional-v1,TGO,Togo,maize,1.19995972,1.84636212,2.49689334,0.9392366,0.0,0.0,0
2026-10-06,regional-v1,TGO,Togo,rice,-2.49434859,-2.7189503,-2.94303464,0.16503079999999998,0.0,1.0,0
2026-10-06,regional-v1,TGO,Togo,sorghum,1.19191714,1.30143995,1.4110813,0.28389640000000005,0.0,1.0,0
2026-10-06,regional-v1,ALB,Albania,maize,-3.60726303,-3.60726303,-3.60726303,0.40257634,0.0,1.0,0
2026-10-06,regional-v1,ALB,Albania,soybean,-9.58218472,-9.58218472,-9.58218472,0.00052482,0.0,1.0,0
2026-10-06,regional-v1,ALB,Albania,wheat,-0.13307536,-0.20403632,-0.27494686000000007,0.231709716,0.0,1.0,0
2026-10-06,regional-v1,LBR,Liberia,cassava,0.61184322,0.66484461,0.71787392,0.609291706,0.0,1.0,0
2026-10-06,regional-v1,LBR,Liberia,rice,-5.83236215,-6.76174353,-7.681952439999999,0.2782,0.0,1.0,0
2026-10-06,regional-v1,LBR,Liberia,soybean,-0.15862877,-0.2431992,-0.32769799999999993,0.003392894,0.0,1.0,0
2026-10-06,regional-v1,AUT,Austria,maize,-1.9105596890868701,-2.2015548697141,-2.491075030470029,2.272946,1.0,1.0,0
2026-10-06,regional-v1,AUT,Austria,soybean,-0.7384632512240847,-0.7963430013589236,-0.853314684498471,0.23677,0.0,0.8428747384200385,0
2026-10-06,regional-v1,AUT,Austria,wheat,0.34084145215056944,0.5243489216095422,0.7089501104271005,1.650914,1.0,1.0,0
2026-10-06,regional-v1,SOM,Somalia,cassava,-0.42357184,-0.51217508,-0.60069948,0.097564758,0.0,1.0,0
2026-10-06,regional-v1,SOM,Somalia,maize,-8.53955746,-12.79522582,-16.85287729,0.0682,0.0,1.0,0
2026-10-06,regional-v1,SOM,Somalia,rice,-3.74744237,-5.02793448,-6.29139162,0.00201786,0.0,1.0,0
2026-10-06,regional-v1,SOM,Somalia,sorghum,-3.4836479499999995,-5.29321184,-7.06884861,0.0854,0.0,1.0,0
2026-10-06,regional-v1,SOM,Somalia,wheat,-0.0383126,-0.058757239999999995,-0.07919769,0.001057362,0.0,1.0,0
2026-10-06,regional-v1,YEM,Yemen,maize,-10.33410856,-10.33410856,-10.33410856,0.07708939999999999,0.0,1.0,0
2026-10-06,regional-v1,YEM,Yemen,sorghum,-2.18973311,-2.37961897,-2.5691361899999996,0.199731252,0.0,1.0,0
2026-10-06,regional-v1,YEM,Yemen,wheat,-0.9635003999999999,-0.9635003999999999,-0.9635003999999999,0.109255184,0.0,1.0,0
2026-10-06,regional-v1,BWA,Botswana,maize,1.25895397,1.9374386799999999,2.62046956,0.039836612,0.0,1.0,0
2026-10-06,regional-v1,BWA,Botswana,sorghum,-16.66773937,-24.396045119999997,-31.40762112,0.056886018000000003,0.0,0.0,0
2026-10-06,regional-v1,BWA,Botswana,wheat,4.46547156,4.8602445,5.25650928,0.0012710199999999999,0.0,1.0,0
2026-10-06,regional-v1,SWZ,Eswatini,maize,-7.49990664,-11.27021871,-14.88685253,0.0988404,0.0,1.0,0
2026-10-06,regional-v1,SWZ,Eswatini,rice,7.61558664,11.91534306,16.38689528,0.00096,0.0,1.0,0
2026-10-06,regional-v1,SWZ,Eswatini,sorghum,-10.21224986,-15.22942474,-19.9662491,0.001,0.0,1.0,0
2026-10-06,regional-v1,SWZ,Eswatini,wheat,-1.43894474,-1.6637038,-1.8879503100000001,0.0007199940000000001,0.0,1.0,0
2026-10-06,regional-v1,VEN,Venezuela,cassava,-1.01419129,-1.22306839,-1.43150472,0.436160926,0.0,1.0,0
2026-10-06,regional-v1,VEN,Venezuela,maize,-0.60517993,-0.66024784,-0.71528524,2.1309626,0.0,1.0,0
2026-10-06,regional-v1,VEN,Venezuela,rice,0.4322695200000001,0.60096807,0.76994998,0.608963,0.0,1.0,0
2026-10-06,regional-v1,VEN,Venezuela,sorghum,5.09004148,7.9122571,10.81026393,0.04449318399999999,0.0,0.0,0
2026-10-06,regional-v1,VEN,Venezuela,soybean,1.6702892100000002,2.27643803,2.8862006500000006,0.006675424000000001,0.0,1.0,0
2026-10-06,regional-v1,VEN,Venezuela,wheat,1.53283304,2.36062977,3.19517553,0.0007973619999999999,0.0,1.0,0
2026-10-06,regional-v1,ECU,Ecuador,cassava,-7.15349012,-8.57062259,-9.96612512,0.09921545999999999,0.0,1.0,0
2026-10-06,regional-v1,ECU,Ecuador,sorghum,-3.95633315,-6.00368534,-8.00739436,0.014323554,0.0,1.0,0
2026-10-06,regional-v1,NAM,Namibia,maize,-10.16598423,-15.162419259999998,-19.88095997,0.07120539999999999,0.0,0.0,0
2026-10-06,regional-v1,NAM,Namibia,sorghum,-4.8687092,-7.36976487,-9.80506637,0.0049412,0.0,1.0,0
2026-10-06,regional-v1,NAM,Namibia,wheat,10.73424761,11.71339126,12.70119277,0.0144562,0.0,0.0,0
2026-10-06,regional-v1,HTI,Haiti,cassava,-0.58382092,-0.6373746,-0.69089943,0.6443231359999999,0.0,1.0,0
2026-10-06,regional-v1,HTI,Haiti,maize,0.00901757,0.01383134,0.01864534,0.1781458,0.0,1.0,0
2026-10-06,regional-v1,HTI,Haiti,rice,-2.69961891,-2.69961891,-2.69961891,0.15527860000000002,0.0,1.0,0
2026-10-06,regional-v1,HTI,Haiti,sorghum,3.61672601,4.64631386,5.68613221,0.013175200000000001,0.0,1.0,0
2026-10-06,regional-v1,BLZ,Belize,cassava,1.9681324,2.15118164,2.33455947,0.0007832000000000001,0.0,1.0,0
2026-10-06,regional-v1,BLZ,Belize,maize,-2.3632306,-2.57618255,-2.78867005,0.09463880000000001,0.0,1.0,0
2026-10-06,regional-v1,BLZ,Belize,rice,-6.25228181,-6.25228181,-6.25228181,0.0151794,0.0,1.0,0
2026-10-06,regional-v1,BLZ,Belize,sorghum,-8.14392123,-8.14392123,-8.14392123,0.0183052,0.0,0.0,0
2026-10-06,regional-v1,BLZ,Belize,soybean,-10.68054364,-11.59687276,-12.50380125,0.0190066,0.0,0.0,0
2026-10-06,regional-v1,GIN,Guinea,cassava,-0.3313304,-0.42895572,-0.52648542,2.678145286,0.0,1.0,0
2026-10-06,regional-v1,GIN,Guinea,maize,-4.23566756,-4.59284794,-4.9486961,0.8321988499999999,0.0,1.0,0
2026-10-06,regional-v1,GIN,Guinea,rice,1.49996116,1.63801782,1.77626226,2.8755488,0.0,1.0,0
2026-10-06,regional-v1,GIN,Guinea,sorghum,-2.53795546,-2.75403657,-2.96963862,0.06385297,0.0,1.0,0
2026-10-06,regional-v1,GEO,Georgia,maize,-1.77032169,-2.70242584,-3.6256852400000006,0.20778,0.0,1.0,0
2026-10-06,regional-v1,GEO,Georgia,soybean,15.54852938,15.54852938,15.54852938,0.003,0.0,1.0,0
2026-10-06,regional-v1,GEO,Georgia,wheat,1.75214277,2.47725342,3.20753139,0.12854,0.0,1.0,0
2026-10-06,regional-v1,BTN,Bhutan,maize,-1.08895098,-1.08895098,-1.08895098,0.033847584,0.0,1.0,0
2026-10-06,regional-v1,BTN,Bhutan,rice,-4.46366327,-5.18099229,-5.89293529,0.045279498,0.0,1.0,0
2026-10-06,regional-v1,BTN,Bhutan,soybean,7.9492916,8.66457184,9.38459158,0.000123716,0.0,1.0,0
2026-10-06,regional-v1,BTN,Bhutan,wheat,-0.697887,-0.697887,-0.697887,0.001143502,0.0,1.0,0
2026-10-06,regional-v1,GAB,Gabon,cassava,-0.31044205,-0.37730171,-0.44411652,0.303660562,0.0,1.0,0
2026-10-06,regional-v1,GAB,Gabon,maize,0.69847003,0.9715579600000002,1.24538649,0.046019824,0.0,1.0,0
2026-10-06,regional-v1,GAB,Gabon,rice,1.05019521,1.61527986,2.18352452,0.0017599279999999998,0.0,1.0,0
2026-10-06,regional-v1,GAB,Gabon,soybean,4.31375663,4.71673795,5.12127605,0.004020248000000001,0.0,1.0,0
2026-10-06,regional-v1,GMB,Gambia,cassava,-3.00207634,-3.61282182,-4.21972176,0.0122273,0.0,1.0,0
2026-10-06,regional-v1,GMB,Gambia,maize,-2.11592972,-2.30686152,-2.4974209,0.02041782,0.0,1.0,0
2026-10-06,regional-v1,GMB,Gambia,rice,-1.8064110900000003,-2.75724856,-3.6988787899999997,0.040873599999999996,0.0,1.0,0
2026-10-06,regional-v1,GMB,Gambia,sorghum,0.20890428,0.23089983,0.2529002,0.00547442,0.0,1.0,0
2026-10-06,regional-v1,GNQ,Equatorial Guinea,cassava,-0.87600342,-1.34045424,-1.8027288400000003,0.076720936,0.0,1.0,0
2026-10-06,regional-v1,LBN,Lebanon,maize,-0.34912028,-0.53497581,-0.72048471,0.003,0.0,1.0,0
2026-10-06,regional-v1,LBN,Lebanon,sorghum,1.2940625,1.2940625,1.2940625,0.004328,0.0,1.0,0
2026-10-06,regional-v1,LBN,Lebanon,wheat,-0.45096137,-0.69084416,-0.9301488999999998,0.14241,0.0,1.0,0
2026-10-06,regional-v1,LSO,Lesotho,maize,-1.23097099,-1.88182852,-2.5283971,0.0668092,0.0,1.0,0
2026-10-06,regional-v1,LSO,Lesotho,sorghum,1.46356979,2.2535483,3.04967745,0.0064718,0.0,1.0,0
2026-10-06,regional-v1,LSO,Lesotho,wheat,-9.81081492,-11.26587902,-12.69746789,0.0035572,0.0,1.0,0
2026-10-06,regional-v1,MRT,Mauritania,maize,4.13169146,4.69311848,5.25757244,0.0158256,0.0,1.0,0
2026-10-06,regional-v1,MRT,Mauritania,rice,-0.08763745999999999,-0.13438547,-0.18111161,0.36808,0.0,1.0,0
2026-10-06,regional-v1,MRT,Mauritania,sorghum,-1.7297571599999997,-2.11171396,-2.49218617,0.0845214,0.0,1.0,0
2026-10-06,regional-v1,MRT,Mauritania,wheat,2.50540056,3.86833892,5.24939927,0.0051298360000000005,0.0,1.0,0
2026-10-06,regional-v1,ARE,United Arab Emirates,maize,-1.9513591200000002,-1.9513591200000002,-1.9513591200000002,0.023302778,0.0,1.0,0
2026-10-06,regional-v1,ATG,Antigua And Barbuda,cassava,2.65881216,2.90700915,3.1558062,8.147999999999999e-05,0.0,1.0,0
2026-10-06,regional-v1,ATG,Antigua And Barbuda,maize,-2.70902586,-2.70902586,-2.70902586,5.1562e-05,0.0,1.0,0
2026-10-06,regional-v1,BHS,Bahamas,cassava,-3.75736268,-4.09595258,-4.43335129,0.0008452120000000001,0.0,1.0,0
2026-10-06,regional-v1,BHS,Bahamas,maize,-3.06787067,-3.38499436,-3.70108055,0.000605616,0.0,1.0,0
2026-10-06,regional-v1,BRB,Barbados,cassava,-0.76408324,-0.83410282,-0.904073,0.0005838340000000001,0.0,1.0,0
2026-10-06,regional-v1,BRB,Barbados,maize,-1.9794175,-1.9794175,-1.9794175,5.43e-05,0.0,1.0,0
2026-10-06,regional-v1,BRN,Brunei Darussalam,cassava,-1.83439106,-2.21480851,-2.59375174,0.000505146,0.0,1.0,0
2026-10-06,regional-v1,BRN,Brunei Darussalam,rice,-7.87128664,-11.81603185,-15.59187191,0.00351772,0.0,1.0,0
2026-10-06,regional-v1,COK,Cook Islands,cassava,6.81637826,8.28601348,9.77586871,3.6666666666666666e-06,0.0,1.0,0
2026-10-06,regional-v1,CPV,Cabo Verde,cassava,0.02556916,0.03369849,0.04182847,0.0024434,0.0,1.0,0
2026-10-06,regional-v1,CPV,Cabo Verde,maize,6.95774751,8.5755514,10.21782559,0.00044132,0.0,1.0,0
2026-10-06,regional-v1,DJI,Djibouti,maize,-1.25750036,-1.25750036,-1.25750036,1.7064e-05,0.0,1.0,0
2026-10-06,regional-v1,DMA,Dominica,cassava,0.3739617,0.40844516000000003,0.44294045,7.871799999999999e-05,0.0,1.0,0
2026-10-06,regional-v1,DMA,Dominica,maize,0.61534094,0.61534094,0.61534094,0.000192756,0.0,1.0,0
2026-10-06,regional-v1,FSM,Micronesia (Federated States Of),cassava,0.41905817,0.50611749,0.59325228,0.008684686,0.0,1.0,0
2026-10-06,regional-v1,FSM,Micronesia (Federated States Of),maize,1.13571235,1.13571235,1.13571235,9.0706e-05,0.0,1.0,0
2026-10-06,regional-v1,FSM,Micronesia (Federated States Of),rice,1.33237142,1.33237142,1.33237142,0.000181994,0.0,1.0,0
2026-10-06,regional-v1,GRD,Grenada,cassava,-3.51315779,-3.8301823,-4.14616516,1.3819999999999998e-05,0.0,1.0,0
2026-10-06,regional-v1,GRD,Grenada,maize,1.4299237499999997,1.4299237499999997,1.4299237499999997,0.00038675799999999996,0.0,1.0,0
2026-10-06,regional-v1,JPN,Japan,maize,-1.36741574,-1.36741574,-1.36741574,0.000169394,0.0,1.0,0
2026-10-06,regional-v1,KWT,Kuwait,maize,0.7323884,0.7323884,0.7323884,0.0240748,0.0,1.0,0
2026-10-06,regional-v1,KWT,Kuwait,wheat,0.6080478099999999,0.6080478099999999,0.6080478099999999,5.089e-05,0.0,1.0,0
2026-10-06,regional-v1,MUS,Mauritius,cassava,-1.11065325,-1.33926234,-1.56734294,0.00104016,0.0,1.0,0
2026-10-06,regional-v1,MUS,Mauritius,maize,-0.23914189,-0.23914189,-0.23914189,0.00094072,0.0,1.0,0
2026-10-06,regional-v1,MUS,Mauritius,rice,6.36047311,9.91959745,13.59782023,4.2000000000000004e-06,0.0,1.0,0
2026-10-06,regional-v1,NCL,New Caledonia,cassava,2.66475985,3.80839835,4.96477646,0.000790466,0.0,1.0,0
2026-10-06,regional-v1,NCL,New Caledonia,maize,-4.07207191,-4.07207191,-4.07207191,0.006834628,0.0,1.0,0
2026-10-06,regional-v1,NCL,New Caledonia,wheat,0.84802844,1.3036322900000001,1.76129442,5.3032e-05,0.0,1.0,0
2026-10-06,regional-v1,NIU,Niue,cassava,0.13749055,0.16600585,0.19452928,4.399e-05,0.0,1.0,0
2026-10-06,regional-v1,OMN,Oman,maize,-1.81005576,-2.76278451,-3.7062690100000006,0.015163,0.0,1.0,0
2026-10-06,regional-v1,OMN,Oman,wheat,-0.85495659,-1.30832238,-1.75961504,0.0042921999999999995,0.0,1.0,0
2026-10-06,regional-v1,PRI,Puerto Rico,cassava,5.39845478,5.9096495,6.42332358,0.0005131659999999999,0.0,1.0,0
2026-10-06,regional-v1,PRI,Puerto Rico,maize,-1.35226414,-2.06657947,-2.7757224,0.00023195599999999999,0.0,1.0,0
2026-10-06,regional-v1,PRI,Puerto Rico,rice,-0.69342768,-0.88554908,-1.0772988,0.00273227,0.0,1.0,0
2026-10-06,regional-v1,PYF,French Polynesia,cassava,-1.12807587,-1.36024638,-1.5918717199999999,0.003705614,0.0,0.0,0
2026-10-06,regional-v1,QAT,Qatar,maize,1.4226250399999998,2.19026577,2.96371656,0.001508,0.0,1.0,0
2026-10-06,regional-v1,QAT,Qatar,wheat,9.93938134,9.93938134,9.93938134,5.18e-05,0.0,1.0,0
2026-10-06,regional-v1,SGP,Singapore,cassava,1.99486089,2.41320034,2.83325564,3.1399999999999993e-07,0.0,1.0,0
2026-10-06,regional-v1,SLB,Solomon Islands,cassava,2.9251118,4.18274133,5.4557377,0.003150736,0.0,1.0,0
2026-10-06,regional-v1,SLB,Solomon Islands,rice,14.29805631,14.29805631,14.29805631,0.002755376,0.0,1.0,0
2026-10-06,regional-v1,STP,Sao Tome And Principe,cassava,4.10516282,5.78890478,7.49987869,0.001436676,0.0,1.0,0
2026-10-06,regional-v1,STP,Sao Tome And Principe,maize,-0.87017871,-1.33156212,-1.79079809,0.00078192,0.0,1.0,0
2026-10-06,regional-v1,SYC,Seychelles,cassava,-1.96127903,-2.36287105,-2.76281805,0.000240352,0.0,1.0,0
2026-10-06,regional-v1,TON,Tonga,cassava,3.96677384,4.80827361,5.65658443,0.007117280000000001,0.0,1.0,0
2026-10-06,regional-v1,TTO,Trinidad And Tobago,cassava,-13.76447164,-14.93168108,-16.0830922,0.0021788800000000002,0.0,1.0,0
2026-10-06,regional-v1,TTO,Trinidad And Tobago,rice,4.86394325,7.55636285,10.31791129,0.00042221999999999995,0.0,1.0,0
2026-10-06,regional-v1,VCT,Saint Vincent And The Grenadines,cassava,-10.38472205,-11.28438113,-12.175008430000002,0.0003436,0.0,1.0,0
2026-10-06,regional-v1,VCT,Saint Vincent And The Grenadines,maize,6.57483107,6.57483107,6.57483107,0.0007634,0.0,1.0,0
2026-10-06,regional-v1,VUT,Vanuatu,maize,-1.64095287,-1.64095287,-1.64095287,0.000960874,0.0,1.0,0
2026-10-06,regional-v1,WSM,Samoa,cassava,-4.83105073,-5.80259722,-6.76422554,0.000470096,0.0,1.0,0
2026-10-06,regional-v1,BGR,Bulgaria,sorghum,6.58426255,7.172679330000001,7.76434457,0.010948,0.0,1.0,0
2026-10-06,regional-v1,COM,Comoros,cassava,0.21943202,0.26496432,0.3105173,0.05713060600000001,0.0,1.0,0
2026-10-06,regional-v1,COM,Comoros,maize,6.44595025,6.44595025,6.44595025,0.018678536,0.0,1.0,0
2026-10-06,regional-v1,COM,Comoros,rice,-4.51986816,-6.84827525,-9.11990111,4.8e-06,0.0,1.0,0
2026-10-06,regional-v1,CYP,Cyprus,wheat,1.69938857,2.61828544,3.54548493,0.02988,0.0,1.0,0
2026-10-06,regional-v1,JAM,Jamaica,cassava,2.92690298,3.2005136599999995,3.47485169,0.0247424,0.0,1.0,0
2026-10-06,regional-v1,JAM,Jamaica,maize,-3.64762248,-3.9739343800000007,-4.29914117,0.002183,0.0,1.0,0
2026-10-06,regional-v1,JAM,Jamaica,rice,-5.0346168,-6.19683859,-7.34483668,2.0000000000000002e-07,0.0,1.0,0
2026-10-06,regional-v1,JOR,Jordan,sorghum,-16.04811188,-23.53209994,-30.348919230000003,0.0010594200000000002,0.0,1.0,0
2026-10-06,regional-v1,JOR,Jordan,wheat,1.6646785,2.56457157,3.4724301099999995,0.0250943,0.0,1.0,0
2026-10-06,regional-v1,MKD,North Macedonia,maize,-4.10985666,-4.10985666,-4.10985666,0.142387,0.0,1.0,0
2026-10-06,regional-v1,MKD,North Macedonia,rice,-0.19144079,-0.29347871,-0.39541231,0.0197472,0.0,1.0,0
2026-10-06,regional-v1,MKD,North Macedonia,wheat,1.96798491,3.03426936,4.111704,0.233884,0.0,1.0,0
2026-10-06,regional-v1,SUR,Suriname,cassava,4.77765259,5.79590693,6.82405691,0.0053506000000000005,0.0,1.0,0
2026-10-06,regional-v1,SUR,Suriname,maize,-2.67495343,-3.7714579299999995,-4.85560875,6.82e-05,0.0,1.0,0
2026-10-06,regional-v1,SUR,Suriname,rice,0.22374438,0.34338036,0.46315915,0.24019479999999999,0.0,1.0,0
2026-10-06,regional-v1,SUR,Suriname,soybean,-0.12134076999999999,-0.18605022,-0.25071774,5.75e-06,0.0,1.0,0
2026-10-06,regional-v1,PNG,Papua New Guinea,cassava,0.17811537,0.21506523,0.25202872,0.159814598,0.0,1.0,0
2026-10-06,regional-v1,PNG,Papua New Guinea,maize,10.09213082,12.07255435,14.08860328,0.012966294,0.0,1.0,0
2026-10-06,regional-v1,PNG,Papua New Guinea,rice,-2.5933198200000005,-3.94994953,-5.28768479,0.0008707360000000001,0.0,1.0,0
2026-10-06,regional-v1,PNG,Papua New Guinea,sorghum,-6.3584377,-7.492275919999999,-8.61238532,0.005007662,0.0,1.0,0
2026-10-06,regional-v1,CHL,Chile,maize,6.686094390075554,10.822258040639879,15.40963929576088,0.7022238619999999,1.0,1.0,0
2026-10-06,regional-v1,CHL,Chile,rice,-2.5805993625619834,-3.8797040721908593,-5.127110642495052,0.14009376,1.0,0.6629849954323556,0
2026-10-06,regional-v1,CHL,Chile,wheat,2.237055796417816,2.8621102919425727,3.507271566763348,1.27624304,1.0,1.0,0
2026-10-06,regional-v1,FJI,Fiji,cassava,1.98343068,3.0582085200000004,4.14431318,0.08697213399999999,0.0,1.0,0
2026-10-06,regional-v1,FJI,Fiji,maize,1.88555199,1.88555199,1.88555199,0.0016464980000000001,0.0,1.0,0
2026-10-06,regional-v1,FJI,Fiji,rice,-2.92130528,-4.44555594,-5.94587406,0.009265052,0.0,0.0,0
2026-10-06,regional-v1,FJI,Fiji,sorghum,0.63657098,0.9780194,1.3206263199999997,2.3582000000000002e-05,0.0,1.0,0
2026-10-06,regional-v1,LUX,Luxembourg,wheat,2.10084524,3.2402508900000004,4.39237186,0.07781,1.0,1.0,0
2026-10-06,regional-v1,ARM,Armenia,maize,-7.212504140000001,-10.84702253,-14.33917557,0.00583132,0.0,0.0,0
2026-10-06,regional-v1,ARM,Armenia,wheat,3.83794158,5.48051723,7.1490762,0.13164094,0.0,1.0,0
2026-10-06,regional-v1,KGZ,Kyrgyzstan,maize,0.09361448000000001,0.14362024,0.19365099,0.7299161599999999,0.0,1.0,0
2026-10-06,regional-v1,KGZ,Kyrgyzstan,rice,-1.03918555,-1.1335197,-1.22776392,0.04460874000000001,0.0,1.0,0
2026-10-06,regional-v1,KGZ,Kyrgyzstan,sorghum,-4.85513713,-7.34949477,-9.77845927,1.278e-05,0.0,1.0,0
2026-10-06,regional-v1,KGZ,Kyrgyzstan,soybean,0.20803545,0.31925851,0.43060501999999995,0.00275466,0.0,0.0,0
2026-10-06,regional-v1,KGZ,Kyrgyzstan,wheat,0.99113631,1.07716971,1.1632764,0.52518014,0.0,1.0,0
2026-10-06,regional-v1,TLS,Timor-Leste,cassava,0.78578443,1.20774793,1.63147808,0.019242732,0.0,1.0,0
2026-10-06,regional-v1,TLS,Timor-Leste,maize,5.82252698,9.06804639,12.41310411,0.0762708,0.0,1.0,0
2026-10-06,regional-v1,TLS,Timor-Leste,rice,0.01673833,0.02567412,0.03461071,0.062352,0.0,1.0,0
2026-10-06,regional-v1,TLS,Timor-Leste,soybean,0.40954315,0.5400803,0.67078715,0.000741004,0.0,1.0,0
2026-10-06,regional-v1,NZL,New Zealand,maize,0.97814342,1.50417114,2.03293911,0.19521739999999999,0.0,1.0,0
2026-10-06,regional-v1,NZL,New Zealand,wheat,1.16528333,1.35263408,1.54033179,0.4137688,0.0,1.0,0
2026-10-06,regional-v1,CRI,Costa Rica,cassava,6.1814838100000005,6.76917592,7.36012079,0.100139532,0.0,1.0,0
2026-10-06,regional-v1,CRI,Costa Rica,maize,-2.25996717,-3.44531937,-4.61629609,0.00950794,0.0,0.0,0
2026-10-06,regional-v1,CRI,Costa Rica,rice,2.12942969,2.97018219,3.81785595,0.1271999,0.0,1.0,0
2026-10-06,regional-v1,NOR,Norway,wheat,2.52306975,3.89580124,5.28691291,0.3187,0.0,1.0,0
2026-10-06,regional-v1,CAF,Central African Republic,cassava,1.00345058,1.24412982,1.48538256,1.1788952,0.0,1.0,0
2026-10-06,regional-v1,CAF,Central African Republic,maize,-1.52958764,-2.33645642,-3.1367136899999997,0.1897894,0.0,1.0,0
2026-10-06,regional-v1,CAF,Central African Republic,rice,3.61809796,3.9548678800000006,4.29273234,0.043343400000000004,0.0,1.0,0
2026-10-06,regional-v1,CAF,Central African Republic,sorghum,11.33891247,11.33891247,11.33891247,0.020390806,0.0,1.0,0
2026-10-06,regional-v1,FIN,Finland,wheat,1.3764963900000002,1.93070653,2.48794646,0.776246,0.0,1.0,0
2026-10-06,regional-v1,LBY,Libya,maize,0.45183782,0.69385666,0.9364586,0.003652816,0.0,1.0,0
2026-10-06,regional-v1,LBY,Libya,wheat,7.45287066,11.65590513,16.0233419,0.132,0.0,1.0,0
2026-10-06,regional-v1,GNB,Guinea-Bissau,cassava,4.95939813,7.70656552,10.525636230000002,0.053713333999999995,0.0,1.0,0
2026-10-06,regional-v1,GNB,Guinea-Bissau,maize,3.30694978,3.59754751,3.88896268,0.0162894,0.0,1.0,0
2026-10-06,regional-v1,GNB,Guinea-Bissau,rice,4.59421634,5.37253173,6.15663877,0.209892,0.0,1.0,0
2026-10-06,regional-v1,GNB,Guinea-Bissau,sorghum,-0.5412812,-0.58787746,-0.63445188,0.024032,0.0,1.0,0
2026-10-06,regional-v1,HND,Honduras,cassava,6.8505052,7.504019220000001,8.16153022,0.025657332,0.0,1.0,0
2026-10-06,regional-v1,HND,Honduras,maize,2.31781715,2.31781715,2.31781715,0.668033868,0.0,1.0,0
2026-10-06,regional-v1,HND,Honduras,rice,-1.4426146,-2.20412045,-2.9597425100000003,0.052239374,0.0,1.0,0
2026-10-06,regional-v1,HND,Honduras,sorghum,3.8974412000000003,4.7581433,5.62597558,0.0172,0.0,1.0,0
2026-10-06,regional-v1,HND,Honduras,soybean,-2.04120116,-2.2534355,-2.46521003,0.002194166,0.0,0.0,0
2026-10-06,regional-v1,HND,Honduras,wheat,0.36876522,0.36876522,0.36876522,0.001273616,0.0,1.0,0
2026-10-06,regional-v1,BDI,Burundi,cassava,0.08837535,0.10669882,0.12502564,2.6969896,0.0,1.0,0
2026-10-06,regional-v1,BDI,Burundi,maize,2.50443273,3.8668347499999998,5.24734467,0.5342526,0.0,1.0,0
2026-10-06,regional-v1,BDI,Burundi,rice,-2.03474767,-3.1038609,-4.16130669,0.15024214,0.0,1.0,0
2026-10-06,regional-v1,BDI,Burundi,sorghum,1.8487731600000001,2.84956994,3.8602008500000005,0.021204599999999997,0.0,1.0,0
2026-10-06,regional-v1,BDI,Burundi,soybean,-4.60113867,-5.91883358,-7.21832787,0.00227165,0.0,1.0,0
2026-10-06,regional-v1,BDI,Burundi,wheat,-0.46210539,-0.70789498,-0.95307764,0.0073688,0.0,1.0,0
2026-10-06,regional-v1,NIC,Nicaragua,cassava,9.8422055,10.7952069,11.75647663,0.25850133,0.0,1.0,0
2026-10-06,regional-v1,NIC,Nicaragua,rice,-1.74246142,-1.89147295,-2.04025851,0.48813998200000003,0.0,1.0,0
2026-10-06,regional-v1,NIC,Nicaragua,sorghum,2.79461681,3.03953411,3.2850349500000005,0.052177414000000005,0.0,1.0,0
2026-10-06,regional-v1,NIC,Nicaragua,soybean,-1.05029595,-1.34062195,-1.6300960999999998,0.01,0.0,1.0,0
2026-10-06,regional-v1,NLD,Netherlands,maize,7.40082567943131,8.71776525352999,10.074223106567475,0.162868,0.0,1.0,0
2026-10-06,regional-v1,NLD,Netherlands,wheat,0.34757712308024036,0.538819866042756,0.7340217407059739,1.053858,1.0,1.0,0
2026-10-06,regional-v1,ZMB,Zambia,wheat,11.37052973,12.4108942,13.4609772,0.21235373999999999,0.0,1.0,0
2026-10-06,regional-v1,DOM,Dominican Republic,cassava,-0.39627702,-0.43266481999999995,-0.46903932000000004,0.18634012999999996,0.0,1.0,0
2026-10-06,regional-v1,DOM,Dominican Republic,maize,2.2097047,3.40912908,4.62262864,0.060031204000000005,0.0,0.0,0
2026-10-06,regional-v1,DOM,Dominican Republic,rice,2.19515773,2.81458758,3.43777195,0.9584624,0.0,1.0,0
2026-10-06,regional-v1,DOM,Dominican Republic,sorghum,1.55130277,2.3891907,3.2339919500000005,0.00037772200000000004,0.0,0.0,0
2026-10-06,regional-v1,KOR,South Korea,maize,-2.6831998770520498,-2.6831998770520498,-2.6831998770520498,0.0890908,1.0,0.8993770611541868,0
2026-10-06,regional-v1,KOR,South Korea,rice,0.3812817942607281,0.41029417389166667,0.43935881520862885,4.967268800000001,1.0,1.0,0
2026-10-06,regional-v1,KOR,South Korea,soybean,3.348736716545204,3.348736716545204,3.348736716545204,0.11368980000000002,1.0,1.0,0
2026-10-06,regional-v1,KOR,South Korea,wheat,2.496990084920134,3.8660795846375517,5.261000902301198,0.0289408,0.9951126126268542,1.0,0
2026-10-06,regional-v1,COG,Congo,cassava,1.74309252,2.12317868,2.50468475,1.6004449600000001,0.0,1.0,0
2026-10-06,regional-v1,COG,Congo,maize,-0.11387214,-0.17460215000000004,-0.23529523000000002,0.0132,0.0,1.0,0
2026-10-06,regional-v1,COG,Congo,rice,1.47846989,2.27658066,3.08096844,0.001039648,0.0,1.0,0
2026-10-06,regional-v1,TUN,Tunisia,sorghum,-0.02626855,-0.04028745,-0.05430439,0.00122102,0.0,1.0,0
2026-10-06,regional-v1,TUN,Tunisia,wheat,2.13327608,3.29055215,4.46094137,1.059,0.0,1.0,0
2026-10-06,regional-v1,ISR,Israel,maize,-0.7363437,-1.12716995,-1.51645742,0.0643994,0.0,1.0,0
2026-10-06,regional-v1,ISR,Israel,sorghum,2.03435255,3.13714529,4.25185708,0.032092841999999996,0.0,1.0,0
2026-10-06,regional-v1,ISR,Israel,wheat,18.48337118,29.71031966,42.001083,0.1286082,0.0,0.0,0
2026-10-06,regional-v1,BIH,Bosnia And Herzegovina,maize,3.47112616,3.47112616,3.47112616,1.0517934,0.0,1.0,0
2026-10-06,regional-v1,BIH,Bosnia And Herzegovina,soybean,-0.35566502,-0.38631352,-0.4169526,0.029891,0.0,1.0,0
2026-10-06,regional-v1,BIH,Bosnia And Herzegovina,wheat,0.7794956,1.19806201,1.61836683,0.2857768,0.0,1.0,0
2026-10-06,regional-v1,BEN,Benin,cassava,1.72768453,2.08942302,2.45244784,4.341117036,0.0,1.0,0
2026-10-06,regional-v1,BEN,Benin,maize,0.33960619,0.52135434,0.70343169,1.699874614,0.0,1.0,0
2026-10-06,regional-v1,BEN,Benin,rice,-7.81220019,-8.49427498,-9.17130327,0.47099363,0.0,1.0,0
2026-10-06,regional-v1,BEN,Benin,sorghum,-3.26507089,-3.55779577,-3.84963484,0.14320595800000002,0.0,1.0,0
2026-10-06,regional-v1,BEN,Benin,soybean,-3.47387903,-3.47387903,-3.47387903,0.325871852,0.0,1.0,0
2026-10-06,regional-v1,GUY,Guyana,cassava,10.4677916,13.16610389,15.930325799999999,0.0745502,0.0,1.0,0
2026-10-06,regional-v1,GUY,Guyana,maize,0.09336238,0.14323338,0.19312922,0.004,0.0,1.0,0
2026-10-06,regional-v1,GUY,Guyana,rice,3.47200337,3.47200337,3.47200337,0.98056,0.0,1.0,0
2026-10-06,regional-v1,TJK,Tajikistan,maize,1.24083838,1.24083838,1.24083838,0.2349397,0.0,1.0,0
2026-10-06,regional-v1,TJK,Tajikistan,rice,2.72424555,2.97662607,3.22962667,0.13804853999999997,0.0,1.0,0
2026-10-06,regional-v1,TJK,Tajikistan,sorghum,2.4778302,3.8254927599999995,5.19087814,4.6451999999999995e-05,0.0,1.0,0
2026-10-06,regional-v1,TJK,Tajikistan,soybean,5.48285983,8.53155259,11.66835946,2.0676e-05,0.0,1.0,0
2026-10-06,regional-v1,TJK,Tajikistan,wheat,2.76362899,4.26994143,5.79833345,0.8659294000000001,0.0,1.0,0
2026-10-06,regional-v1,EST,Estonia,wheat,4.77804934,6.74658915,8.75211331,0.794322,0.0,1.0,0
2026-10-06,regional-v1,MYS,Malaysia,cassava,2.95965867,3.23637925,3.51384357,0.041395985999999996,0.0,1.0,0
2026-10-06,regional-v1,MYS,Malaysia,maize,-3.77990277,-5.73871796,-7.65765628,0.0006272666666666667,0.0,1.0,0
2026-10-06,regional-v1,MYS,Malaysia,rice,1.0732044246793946,1.6084476082046706,2.163449775184717,2.3215487800000005,0.0,1.0,0
2026-10-06,regional-v1,LVA,Latvia,wheat,1.80201951,2.54802829,3.29950385,2.4229,0.0,1.0,0
2026-10-06,regional-v1,SAU,Saudi Arabia,maize,-0.57665472,-0.88310121,-1.18860316,0.057611502,0.0,1.0,0
2026-10-06,regional-v1,SAU,Saudi Arabia,rice,10.00693603,11.96975227,13.96759038,0.0007447180000000001,0.0,1.0,0
2026-10-06,regional-v1,SAU,Saudi Arabia,sorghum,10.20675924,13.22820225,16.33248154,0.1261638,0.0,1.0,0
2026-10-06,regional-v1,SAU,Saudi Arabia,wheat,4.02680536,6.24221687,8.504809,0.7563492220000001,0.0,1.0,0
2026-10-06,regional-v1,TWN,Taiwan,cassava,0.49052683,0.53578755,0.58106865,0.0076048,0.0,1.0,0
2026-10-06,regional-v1,TWN,Taiwan,maize,-0.94088426,-1.43948384,-1.93557379,0.209175866,0.0,1.0,0
2026-10-06,regional-v1,TWN,Taiwan,rice,3.86358361,4.2236652,4.58499516,1.6277922,0.0,0.0,0
2026-10-06,regional-v1,TWN,Taiwan,sorghum,-2.58975043,-3.94455104,-5.28050883,0.0026822739999999997,0.0,1.0,0
2026-10-06,regional-v1,TWN,Taiwan,soybean,-1.7120088699999998,-2.61382124,-3.5073593,0.004960483999999999,0.0,1.0,0
2026-10-06,regional-v1,TWN,Taiwan,wheat,0.19952737,0.30619476,0.4129757,0.0047662,0.0,1.0,0
2026-10-06,regional-v1,HRV,Croatia,maize,3.72043355,3.72043355,3.72043355,2.12084,0.0,1.0,0
2026-10-06,regional-v1,HRV,Croatia,soybean,2.20508664,2.3977376,2.5907517,0.22919,0.0,1.0,0
2026-10-06,regional-v1,HRV,Croatia,wheat,-1.23336864,-1.8854817399999997,-2.53328922,0.892686,0.0,1.0,0
2026-10-06,regional-v1,BLR,Belarus,maize,-6.38215017,-6.38215017,-6.38215017,1.0588328,0.0,1.0,0
2026-10-06,regional-v1,BLR,Belarus,wheat,4.68914449,7.281498049999999,9.93804448,2.5796102000000003,0.0,1.0,0
2026-10-06,regional-v1,FRA,France,maize,1.5664253637843504,1.8220769007891655,2.079394825959803,13.128302000000001,1.0,1.0,0
2026-10-06,regional-v1,FRA,France,rice,-0.8250166856670252,-0.8250166856670252,-0.8250166856670252,0.070624,1.0,1.0,0
2026-10-06,regional-v1,FRA,France,sorghum,3.3010400200000003,3.3010400200000003,3.3010400200000003,0.350362,0.0,1.0,0
2026-10-06,regional-v1,FRA,France,soybean,-0.08964079726283353,-0.09485503966365433,-0.0996681885820417,0.407666,0.0,1.0,0
2026-10-06,regional-v1,FRA,France,wheat,-0.11473377823614175,-0.1697915951848025,-0.2205663862987425,35.5947,1.0,1.0,0
2026-10-06,regional-v1,GRC,Greece,maize,9.3951326,9.3951326,9.3951326,1.303912,0.0,1.0,0
2026-10-06,regional-v1,GRC,Greece,rice,2.74400455,2.98442219,3.2254024,0.231774,0.0,1.0,0
2026-10-06,regional-v1,GRC,Greece,sorghum,21.41513458,21.41513458,21.41513458,0.00749,0.0,1.0,0
2026-10-06,regional-v1,GRC,Greece,soybean,15.17060942,15.17060942,15.17060942,0.001646,0.0,1.0,0
2026-10-06,regional-v1,GRC,Greece,wheat,0.05652384938438351,0.1189272927705697,0.20379194909374246,1.1491999999999998,0.15728983917879483,0.6035420393662075,0
2026-10-06,regional-v1,MDA,Republic Of Moldova,maize,1.15186014,1.25193107,1.352101,1.5623112,0.0,1.0,0
2026-10-06,regional-v1,MDA,Republic Of Moldova,sorghum,20.48812914,22.442711299999996,24.42900108,0.0251368,0.0,1.0,0
2026-10-06,regional-v1,MDA,Republic Of Moldova,soybean,-9.07940278,-9.07940278,-9.07940278,0.043779,0.0,1.0,0
2026-10-06,regional-v1,MDA,Republic Of Moldova,wheat,7.302091230000001,10.43868747,13.66697098,1.13849316,0.0,1.0,0
2026-10-06,regional-v1,LKA,Sri Lanka,maize,-1.6591948721615117,-2.3955790363579283,-3.0321766824338785,0.30238007999999994,0.999946096316909,1.0,0
2026-10-06,regional-v1,LKA,Sri Lanka,rice,3.6875231876752426,5.767942874670836,7.931176770762758,4.5537824,1.0,1.0,0
2026-10-06,regional-v1,LTU,Lithuania,wheat,2.39759892,3.39424706,4.4005957,4.36992,0.0,1.0,0
2026-10-06,regional-v1,TKM,Turkmenistan,maize,-4.26582119,-6.46785448,-8.61923761,0.011077356,0.0,1.0,0
2026-10-06,regional-v1,TKM,Turkmenistan,rice,35.45080832,39.25563406,43.16733771,0.08608382399999999,0.0,1.0,0
2026-10-06,regional-v1,TKM,Turkmenistan,wheat,7.31977404,11.44384882,15.72640317,1.3569513999999998,0.0,1.0,0
2026-10-06,regional-v1,UGA,Uganda,cassava,7.3272485199999995,8.91154434,10.51922652,2.209674234,0.0,1.0,0
2026-10-06,regional-v1,UGA,Uganda,maize,-0.01420164,-0.02178143,-0.02936063,3.8886,0.0,1.0,0
2026-10-06,regional-v1,UGA,Uganda,rice,1.6322162,2.09117564,2.5522077,0.29638,0.0,1.0,0
2026-10-06,regional-v1,UGA,Uganda,sorghum,-0.67971107,-1.04063657,-1.40025048,0.22354,0.0,1.0,0
2026-10-06,regional-v1,UGA,Uganda,soybean,4.82100105,5.74019175,6.667442980000001,0.1538,0.0,1.0,0
2026-10-06,regional-v1,UGA,Uganda,wheat,-2.821408,-2.821408,-2.821408,0.0248,0.0,1.0,0
2026-10-06,regional-v1,ITA,Italy,maize,2.7380254409375073,2.9922125263018606,3.2487209883979618,5.839616000000001,1.0,1.0,0
2026-10-06,regional-v1,ITA,Italy,rice,5.639854328447663,5.639854328447663,5.639854328447663,1.415004,0.8855443989476738,1.0,0
2026-10-06,regional-v1,ITA,Italy,sorghum,6.59505213,6.59505213,6.59505213,0.27447,0.0,1.0,0
2026-10-06,regional-v1,ITA,Italy,soybean,-7.286884384752818,-7.880886798217233,-8.469552678603547,1.0022540000000002,0.4370565877948161,1.0,0
2026-10-06,regional-v1,ITA,Italy,wheat,1.5664157464456523,2.4490286277058275,3.3651543851685934,6.850842,0.9990898501965161,0.875305677404325,0
2026-10-06,regional-v1,COD,DR Congo,cassava,0.44083562,0.5362123,0.63167955,42.870092,0.0,1.0,0
2026-10-06,regional-v1,COD,DR Congo,maize,0.7737599,0.99015711,1.20701899,2.2375523999999998,0.0,1.0,0
2026-10-06,regional-v1,COD,DR Congo,rice,-0.99402763,-1.5205723899999999,-2.04431682,1.5880848,0.0,1.0,0
2026-10-06,regional-v1,COD,DR Congo,sorghum,-4.65421169,-5.04574746,-5.43567539,0.008541799999999999,0.0,1.0,0
2026-10-06,regional-v1,COD,DR Congo,soybean,6.10760653,6.10760653,6.10760653,0.0263528,0.0,1.0,0
2026-10-06,regional-v1,COD,DR Congo,wheat,2.53430022,3.9132574900000003,5.31076001,0.009208441999999999,0.0,1.0,0
2026-10-06,regional-v1,KEN,Kenya,cassava,3.18898056,3.86243628,4.54028727,0.9438108620000001,0.0,1.0,0
2026-10-06,regional-v1,KEN,Kenya,maize,4.69205149,5.13473862,5.579297639999999,3.6085712,0.0,1.0,0
2026-10-06,regional-v1,KEN,Kenya,rice,5.59882226,8.71460817,11.92232807,0.1897676,0.0,1.0,0
2026-10-06,regional-v1,KEN,Kenya,sorghum,-0.32656146,-0.5004379,-0.6740110199999999,0.2122484,0.0,1.0,0
2026-10-06,regional-v1,KEN,Kenya,soybean,0.88144216,1.35511779,1.8310175,0.0056702179999999994,0.0,1.0,0
2026-10-06,regional-v1,KEN,Kenya,wheat,-0.81725134,-0.89152983,-0.96575269,0.359638,0.0,1.0,0
2026-10-06,regional-v1,URY,Uruguay,maize,6.776823949999999,10.58024781,14.51915081,0.6985,0.0,1.0,0
2026-10-06,regional-v1,URY,Uruguay,rice,-5.9427697,-8.96898896,-11.89784193,1.29772,0.0,0.0,0
2026-10-06,regional-v1,URY,Uruguay,sorghum,0.68044038,1.04554173,1.41196707,0.09248,0.0,1.0,0
2026-10-06,regional-v1,URY,Uruguay,soybean,12.28041979,19.44156962,27.05945149,1.9898,0.0,0.0,0
2026-10-06,regional-v1,URY,Uruguay,wheat,-8.79828453,-10.77865768,-12.71602858,1.01344,0.0,0.0,0
2026-10-06,regional-v1,PRK,North Korea,maize,9.45912336,9.45912336,9.45912336,2.33613846,0.0,1.0,0
2026-10-06,regional-v1,PRK,North Korea,rice,1.07452593,1.07452593,1.07452593,2.26134638,0.0,1.0,0
2026-10-06,regional-v1,PRK,North Korea,sorghum,-0.70508948,-0.70508948,-0.70508948,0.036514486,0.0,1.0,0
2026-10-06,regional-v1,PRK,North Korea,soybean,2.3518859,2.3518859,2.3518859,0.20876236,0.0,1.0,0
2026-10-06,regional-v1,PRK,North Korea,wheat,-0.00748673,-0.0114828,-0.01547871,0.08835,0.0,1.0,0
2026-10-06,regional-v1,SVK,Slovakia,maize,12.04758678,14.101711180000002,16.19349303,1.291192,0.0,1.0,0
2026-10-06,regional-v1,SVK,Slovakia,sorghum,-2.09664233,-2.27559027,-2.45421113,0.008994,0.0,1.0,0
2026-10-06,regional-v1,SVK,Slovakia,soybean,7.198680089999999,7.843996890000001,8.493198380000003,0.129718,0.0,1.0,0
2026-10-06,regional-v1,SVK,Slovakia,wheat,2.37470828,3.6652890800000004,4.9721395,2.12269,0.0,1.0,0
2026-10-06,regional-v1,BFA,Burkina Faso,cassava,-0.00171585,-0.00207142,-0.00242698,0.017092394,0.0,1.0,0
2026-10-06,regional-v1,BFA,Burkina Faso,maize,12.15019054,13.26604024,14.39299221,1.8580288600000001,0.0,0.0,0
2026-10-06,regional-v1,BFA,Burkina Faso,rice,0.71225651,0.8448889,0.97769595,0.444439726,0.0,1.0,0
2026-10-06,regional-v1,BFA,Burkina Faso,sorghum,1.36781563,1.59536584,1.82342685,1.828194962,0.0,1.0,0
2026-10-06,regional-v1,BFA,Burkina Faso,soybean,-7.72465441,-7.72465441,-7.72465441,0.10773216799999999,0.0,1.0,0
2026-10-06,regional-v1,PHL,Philippines,cassava,4.844179759301148,5.585849344578502,6.356277236365484,2.5829304140000002,1.0,0.9328291897633432,0
2026-10-06,regional-v1,PHL,Philippines,maize,0.41624623789031945,0.6474140466639057,0.8848990143219584,8.209039109999999,1.0,0.9902984528235448,0
2026-10-06,regional-v1,PHL,Philippines,rice,0.9136319945140762,0.9875041089867965,1.0622211106686779,19.577185672,1.0,0.9566389610272682,0
2026-10-06,regional-v1,PHL,Philippines,sorghum,-3.66427491,-5.56492451,-7.428075370000001,0.000591874,0.0,1.0,0
2026-10-06,regional-v1,PHL,Philippines,soybean,0.44145299,0.44145299,0.44145299,0.0005725019999999999,0.0,1.0,0
2026-10-06,regional-v1,GHA,Ghana,cassava,1.45337041,1.76973412,2.08708435,24.864211802,0.0,1.0,0
2026-10-06,regional-v1,GHA,Ghana,maize,-0.8594883799999999,-0.8594883799999999,-0.8594883799999999,3.2039436,0.0,1.0,0
2026-10-06,regional-v1,GHA,Ghana,rice,-0.88883429,-1.36004114,-1.8290077100000002,1.1534,0.0,1.0,0
2026-10-06,regional-v1,GHA,Ghana,sorghum,-0.72119782,-0.78678085,-0.85232055,0.3678998,0.0,1.0,0
2026-10-06,regional-v1,EGY,Egypt,maize,4.01325166,4.36721601,4.72238493,7.5052758,0.0,1.0,0
2026-10-06,regional-v1,EGY,Egypt,rice,1.44111564,1.44111564,1.44111564,4.875919,0.0,1.0,0
2026-10-06,regional-v1,EGY,Egypt,sorghum,1.09048352,1.09048352,1.09048352,0.8379574000000001,0.0,1.0,0
2026-10-06,regional-v1,EGY,Egypt,soybean,11.68557284,11.68557284,11.68557284,0.088021,0.0,1.0,0
2026-10-06,regional-v1,EGY,Egypt,wheat,0.12836719,0.19695495,0.2655897,9.238275190000001,0.0,1.0,0
2026-10-06,regional-v1,SYR,Syria,maize,-3.1334975645690357,-4.9887846030899645,-6.7976942284086945,0.3700831500000001,0.9206290221320882,0.782354192505753,0
2026-10-06,regional-v1,SYR,Syria,sorghum,-3.29729754,-3.59285763,-3.88751438,0.0046412,0.0,1.0,0
2026-10-06,regional-v1,SYR,Syria,soybean,-5.167027053521669,-7.736317654707994,-10.185475960686372,0.0034508000000000004,0.5380241259425098,0.3905938446329502,0
2026-10-06,regional-v1,SYR,Syria,wheat,14.914472231894822,24.171907756219813,34.530194028836775,2.5034661559999996,0.9984452068222185,0.667348006987291,0
2026-10-06,regional-v1,BGD,Bangladesh,rice,0.729800781525581,0.7929419553775423,0.8641507055829325,57.198135314000005,1.0,0.9019858769835073,0
2026-10-06,regional-v1,BGD,Bangladesh,wheat,1.097845600763191,1.7006851612888163,2.3153296904329252,1.0648416,1.0,1.0,0
2026-10-06,regional-v1,KAZ,Kazakhstan,maize,0.87532314,0.87532314,0.87532314,1.05414349,0.0,1.0,0
2026-10-06,regional-v1,KAZ,Kazakhstan,rice,4.91841966,4.91841966,4.91841966,0.507557558,0.0,1.0,0
2026-10-06,regional-v1,KAZ,Kazakhstan,sorghum,-28.06074649,-28.06074649,-28.06074649,0.009142862,0.0,1.0,0
2026-10-06,regional-v1,KAZ,Kazakhstan,soybean,0.53100857,0.53100857,0.53100857,0.246995258,0.0,1.0,0
2026-10-06,regional-v1,KAZ,Kazakhstan,wheat,4.81948012,4.81948012,4.81948012,13.207825414,0.0,1.0,0
2026-10-06,regional-v1,IDN,Indonesia,cassava,-0.012306742978174804,-0.008695979753367026,-0.0030290206391779834,17.068536999999996,1.0,0.9470964653443935,0
2026-10-06,regional-v1,IDN,Indonesia,maize,0.5253222829890035,0.8105138369264906,1.0990573021890027,15.4591138,1.0,1.0,0
2026-10-06,regional-v1,IDN,Indonesia,rice,1.9577315352462616,1.9722867645765143,1.9869801691644233,54.47969990800001,1.0,1.0,0
2026-10-06,regional-v1,IDN,Indonesia,soybean,1.2256481875743488,1.3574861572223342,1.4898922313465406,0.31198117399999997,1.0,1.0,0
2026-10-06,regional-v1,HUN,Hungary,maize,8.481907700739136,9.90180511096913,11.340350796069547,6.405552,0.0,1.0,0
2026-10-06,regional-v1,HUN,Hungary,rice,8.927234,8.927234,8.927234,0.010154,0.0,0.0,0
2026-10-06,regional-v1,HUN,Hungary,sorghum,6.52907806,7.11240064,7.69891733,0.107524,0.0,1.0,0
2026-10-06,regional-v1,HUN,Hungary,soybean,11.622960077314533,12.697326305739915,13.78356460216063,0.159938,0.0,1.0,0
2026-10-06,regional-v1,HUN,Hungary,wheat,1.4020962802487453,2.1592212746888406,2.9224748446918487,5.217205999999999,0.0,1.0,0
2026-10-06,regional-v1,TUR,Türkiye,maize,1.75098926,1.75098926,1.75098926,7.35,0.0,1.0,0
2026-10-06,regional-v1,TUR,Türkiye,rice,-2.11871909,-2.29952906,-2.4800050200000006,0.966,0.0,1.0,0
2026-10-06,regional-v1,TUR,Türkiye,soybean,0.14134936,0.21688113,0.29246986,0.155945,0.0,1.0,0
2026-10-06,regional-v1,TUR,Türkiye,wheat,3.7788708000000004,3.7788708000000004,3.7788708000000004,19.78,0.0,1.0,0
2026-10-06,regional-v1,ETH,Ethiopia,maize,2.49535187,2.89958943,3.30542128,11.520948362,0.0,1.0,0
2026-10-06,regional-v1,ETH,Ethiopia,sorghum,4.03622505,4.69573449,5.35942471,4.760902128000001,0.0,1.0,0
2026-10-06,regional-v1,ETH,Ethiopia,soybean,-11.390428030000002,-11.390428030000002,-11.390428030000002,0.22225547599999998,0.0,1.0,0
2026-10-06,regional-v1,ETH,Ethiopia,wheat,4.6996283,5.700805899999999,6.71155714,5.976308786000001,0.0,1.0,0
2026-10-06,regional-v1,PRY,Paraguay,cassava,4.9412664,7.095105209999999,9.2931499,2.9370724,0.0,0.0,0
2026-10-06,regional-v1,PRY,Paraguay,maize,1.5376253,2.06335017,2.59179706,4.9231628,0.0,1.0,0
2026-10-06,regional-v1,PRY,Paraguay,rice,0.56715329,0.8712061,1.17617818,1.0782174,0.0,1.0,0
2026-10-06,regional-v1,PRY,Paraguay,sorghum,-2.41657642,-3.68250949,-4.93201982,0.0785528,0.0,1.0,0
2026-10-06,regional-v1,PRY,Paraguay,soybean,3.8053377100000003,5.89549649,8.02774138,9.0997248,0.0,1.0,0
2026-10-06,regional-v1,PRY,Paraguay,wheat,5.98009821,6.51289022,7.04836074,1.1060614,0.0,1.0,0
2026-10-06,regional-v1,TZA,Tanzania,cassava,9.59453473,11.69512164,13.835970280000002,9.675375176,0.0,1.0,0
2026-10-06,regional-v1,TZA,Tanzania,sorghum,-0.36232752,-0.55519437,-0.74768789,0.7589391999999999,0.0,1.0,0
2026-10-06,regional-v1,TZA,Tanzania,soybean,2.10636884,3.2488175599999995,4.40404893,0.04836061,0.0,1.0,0
2026-10-06,regional-v1,CAN,Canada,maize,2.618341104945842,2.829452774035915,3.0432670893066103,14.307555800000003,0.9934307837681122,1.0,0
2026-10-06,regional-v1,CAN,Canada,soybean,-0.9094748391659352,-0.78470224038011,-0.659501156944822,6.4502424000000005,0.514482132609466,1.0,0
2026-10-06,regional-v1,CAN,Canada,wheat,3.605970306467161,3.4716318914567474,3.347971583905091,31.763096399999995,0.9927530994585734,0.9769787024763934,0
2026-10-06,regional-v1,IRN,Iran,maize,13.06207642,13.06207642,13.06207642,0.44499567000000007,0.0,1.0,0
2026-10-06,regional-v1,IRN,Iran,rice,2.35323678,2.35323678,2.35323678,3.82614,0.0,1.0,0
2026-10-06,regional-v1,IRN,Iran,soybean,7.52342281,7.52342281,7.52342281,0.194,0.0,0.0,0
2026-10-06,regional-v1,IRN,Iran,wheat,7.109732110000001,11.109484819999999,15.25859857,13.65836,0.0,0.0,0
2026-10-06,regional-v1,CHN,China,cassava,1.35338162,1.47884111,1.60445589,5.074067832000001,0.0,1.0,0
2026-10-06,regional-v1,CHN,China,maize,-0.24331276013223732,-0.2607544960367105,-0.2779513141724798,272.00924,0.7994079220230107,0.9636503763886913,0
2026-10-06,regional-v1,CHN,China,rice,-0.41529020572391084,-0.5031436063713512,-0.5878004065683665,209.883,0.6802706161374846,0.96400004862301,0
2026-10-06,regional-v1,CHN,China,sorghum,2.73065526,2.96988648,3.2096748,3.105756998,0.0,1.0,0
2026-10-06,regional-v1,CHN,China,soybean,-0.9948187100000001,-0.9948187100000001,-0.9948187100000001,19.04412,0.0,1.0,0
2026-10-06,regional-v1,CHN,China,wheat,2.244469927487543,3.5451145696262065,4.96972003706541,135.82048,0.7702349159495759,0.9597836915823588,0
2026-10-06,regional-v1,ROU,Romania,maize,37.474072718594996,37.474072718594996,37.474072718594996,11.826146,0.0,0.43494992012981204,0
2026-10-06,regional-v1,ROU,Romania,sorghum,-2.89050967,-3.13612123,-3.38111158,0.033014,0.0,1.0,0
2026-10-06,regional-v1,ROU,Romania,soybean,27.717479023809556,30.09377471334949,32.57791984763479,0.345602,0.0,0.5935515882431236,0
2026-10-06,regional-v1,ROU,Romania,wheat,-1.643270221212472,-2.429147024513641,-3.1526648440937377,9.086308,0.0,1.0,0
2026-10-06,regional-v1,RUS,Russia,maize,-6.93284427,-10.43455503,-13.80451171,14.852315772,0.0,0.0,0
2026-10-06,regional-v1,RUS,Russia,rice,-1.45566067,-1.45566067,-1.45566067,1.0619969219999998,0.0,1.0,0
2026-10-06,regional-v1,RUS,Russia,sorghum,10.36065606,10.36065606,10.36065606,0.104084394,0.0,1.0,0
2026-10-06,regional-v1,RUS,Russia,soybean,7.99975804,7.99975804,7.99975804,5.250122026,0.0,1.0,0
2026-10-06,regional-v1,RUS,Russia,wheat,8.36688279,8.36688279,8.36688279,86.68278202,0.0,1.0,0
2026-10-06,regional-v1,UKR,Ukraine,maize,9.31964702,10.163925,11.01472336,33.099522,0.0,0.0,0
2026-10-06,regional-v1,UKR,Ukraine,rice,1.70151666,1.70151666,1.70151666,0.03578,0.0,1.0,0
2026-10-06,regional-v1,UKR,Ukraine,sorghum,20.49909421,20.49909421,20.49909421,0.110886,0.0,0.0,0
2026-10-06,regional-v1,UKR,Ukraine,soybean,4.88636354,4.88636354,4.88636354,3.635186,0.0,1.0,0
2026-10-06,regional-v1,UKR,Ukraine,wheat,8.05682249,11.534615649999997,15.12434107,25.564068,0.0,0.0,0
2026-10-06,regional-v1,ARG,Argentina,cassava,-3.57674946,-5.04483987,-6.4905779,0.20000248,0.0,1.0,0
2026-10-06,regional-v1,ARG,Argentina,maize,16.748544137618293,27.313479370366903,39.21858515190239,55.24578940000001,0.991040908679753,0.7495461854704772,345
2026-10-06,regional-v1,ARG,Argentina,rice,-2.7682240268876677,-4.123036401885433,-5.397182889308406,1.2503195999999999,0.4046028891009464,0.862443802539571,0
2026-10-06,regional-v1,ARG,Argentina,sorghum,7.894727954108202,12.692169333353387,17.9508306133926,2.2488186,0.8549185442396215,0.954482678767819,0
2026-10-06,regional-v1,ARG,Argentina,soybean,6.181074371644252,9.84086936889215,13.772821467900604,43.83365059999999,0.9052361050086167,0.827735204302465,0
2026-10-06,regional-v1,ARG,Argentina,wheat,-4.5258623230377095,-5.136287462209741,-5.656286375325772,17.596104,0.9576118222882017,0.9601369913653592,0
2026-10-06,regional-v1,USA,United States,maize,6.787190945804391,7.710079448103886,8.647424435889473,364.462544,0.9291701988854133,0.8804734004606177,0
2026-10-06,regional-v1,USA,United States,rice,0.7824668632716871,0.8666311951887633,0.951436499888911,8.908572,0.8783562425438491,1.0,0
2026-10-06,regional-v1,USA,United States,sorghum,5.851105897665566,6.686417967476868,7.541548461672052,8.47261,0.760226055471932,0.8323503660815816,0
2026-10-06,regional-v1,USA,United States,soybean,4.821509778972679,5.652121833578884,6.499386327132265,112.482596,0.8980740996335352,0.8917069379111023,0
2026-10-06,regional-v1,USA,United States,wheat,2.5117590396269063,3.438501320505975,4.44253943180178,48.269504,0.9104739304077373,0.9045709433869384,0
